food,Caloric Value,Fat,Saturated Fats,Sugars,Sodium
cream cheese,51,5.0,2.9,0.5,0.016
neufchatel cheese,215,19.4,10.9,2.7,0.3
requeijao cremoso light catupiry,49,3.6,2.3,3.4,0.0
ricotta cheese,30,2.0,1.3,0.091,0.017
cream cheese low fat,30,2.3,1.4,0.9,0.046
cream cheese fat free,19,0.2,0.1,1.0,0.1
gruyere cheese,116,9.1,5.3,0.1,0.2
cheddar cheese,113,9.3,5.3,0.1,0.2
parmesan cheese,71,4.5,2.7,0.046,0.2
romano cheese,19,1.3,0.9,0.088,0.008
parmesan cheese grated,21,1.4,0.8,0.075,0.043
port salut cheese,465,37.2,22.0,0.8,0.7
swiss cheese,98,7.7,4.6,0.0,0.057
goat cheese hard,128,10.1,7.0,0.6,0.076
gouda cheese,100,7.7,4.9,0.6,0.2
pepper jack cheese lucerne,75,6.0,4.0,0.0,0.0
caraway cheese,106,8.3,5.3,0.0,0.2
gjetost cheese,1058,67.0,43.5,0.0,1.4
tilsit cheese,136,10.4,6.7,0.0,0.3
goat cheese,103,8.4,5.8,0.031,0.1
brick cheese,111,8.9,5.6,0.2,0.2
asadero cheese,402,31.9,20.3,3.2,0.7
camembert cheese,90,7.3,4.6,0.1,0.3
provolone cheese reduced fat,310,19.9,12.8,0.6,1.0
roquefort cheese,314,26.0,16.4,0.0,1.5
queso blanco cheese,366,28.7,16.1,2.1,0.8
queso seco cheese,315,23.6,13.3,0.5,1.8
goat cheese soft,75,6.0,4.1,0.3,0.1
mozzarella cheese,90,6.6,4.2,0.0,0.1
chihuahua cheese,494,39.2,24.9,7.3,0.8
limburger cheese,98,8.2,5.0,0.1,0.2
muenster cheese,486,39.7,25.2,1.5,0.8
queso fresco cheese,365,29.1,15.8,2.8,0.9
brie cheese,100,8.3,5.2,0.1,0.2
pimento cheese,525,43.7,27.5,0.9,2.0
mexican cheese,316,21.7,13.0,0.6,0.9
feta cheese,80,6.4,4.0,0.0,0.3
mozzarella cheese fat free,159,0.0,0.0,1.7,0.8
provolone cheese,463,35.1,22.5,0.7,1.2
anejo cheese,492,39.6,25.1,6.1,1.5
honey,64,0.0,0.0,17.2,0.011
apple butter,35,0.063,0.038,7.1,0.003
fruit jam,56,0.095,0.021,9.7,0.052
chocolate hazelnut spread,100,5.5,5.3,10.0,0.099
peanut butter,88,7.4,1.4,1.0,0.085
peanut spread,101,8.5,1.6,0.5,0.028
chicken spread,88,9.8,1.8,0.3,0.4
cheese spread,708,68.6,43.2,8.4,1.2
tahini,86,7.2,1.0,0.0,0.098
orange marmalade,49,0.0,0.0,12.0,0.016
american cheese spread,46,3.4,2.1,1.2,0.3
apricot jam,48,0.01,0.042,8.7,0.004
chunky peanut butter,94,8.0,1.2,1.3,0.03
ham and cheese spread,37,2.8,1.3,0.0,0.2
chicken and rice casserole homade,27,1.0,0.0,0.0,0.0
picnic loaf,65,4.7,1.7,0.0,0.3
corn tamale,309,12.0,4.4,12.3,0.5
baked potato with cheese sauce bacon,451,25.9,10.1,0.0,1.0
chinese egg roll,223,10.6,1.9,0.0,0.4
butter croissant,231,12.0,6.6,6.4,0.2
enchilada with cheese beef,323,17.6,9.0,0.0,1.3
corned beef hash with potatoes,387,24.2,10.2,0.8,1.0
biscuit with egg cheese bacon,436,25.3,8.5,2.5,1.2
bagel with ham egg cheese,483,18.5,7.9,7.0,1.3
quesadilla with chicken,529,27.5,11.1,3.4,1.3
corn rice,110,0.3,0.02,3.0,0.2
kung pao chicken,779,42.2,8.2,18.3,2.4
beef empanada,298,16.3,4.6,1.6,0.4
frijoles with cheese,225,7.8,4.1,0.0,0.9
burrito with beef,285,8.1,1.7,4.1,0.5
crispy chicken sandwich,350,17.6,3.3,3.9,0.7
enchilada with cheese,374,25.3,11.5,3.6,0.7
pork egg roll,189,6.1,1.3,4.5,0.3
corn on the cob with butter,155,3.4,1.6,0.0,0.056
pancakes with butter syrup,260,7.0,2.9,0.0,0.6
burrito with beans,224,6.7,3.4,0.0,0.5
scrambled eggs,100,7.6,2.9,0.8,0.1
baked potato with sour cream,393,22.3,10.0,0.0,0.2
turkey and gravy,161,6.3,2.0,0.0,1.3
chicken egg roll,158,3.6,0.8,4.5,0.4
vegetable egg roll,153,3.6,0.6,5.3,0.4
ham cheese roll,67,5.2,2.0,0.0,0.3
biscuit with ham,386,18.4,11.4,2.2,1.1
lemon chicken,1440,74.9,12.2,55.2,1.5
hummus,435,21.1,2.8,0.7,0.6
croissant with egg cheese,368,24.7,14.1,0.0,0.6
enchirito with cheese beef beans,344,16.1,7.9,0.0,1.3
sweet sour pork,38,2.2,0.4,1.4,0.003
crab cake,160,10.4,2.2,0.0,0.5
egg dinner roll,107,2.2,0.6,1.5,0.2
english muffin with egg cheese sausage,472,29.9,11.4,2.5,0.8
buttermilk pancakes,86,3.5,0.7,0.0,0.2
omelet,94,7.1,2.0,0.2,0.013
taco with chicken cheese lettuce,185,6.2,2.5,1.3,0.6
spinach souffle,230,17.6,10.1,2.5,0.8
english muffin with cheese sausage,365,22.3,8.8,2.1,0.7
potato gratin,328,18.6,11.6,0.0,1.1
biscuit with egg,436,25.3,8.5,2.5,1.2
french fries deep fried,222,10.5,1.7,0.2,0.1
sweet sour chicken,46,2.3,0.4,2.1,0.043
burrito with beans beef,460,18.0,7.0,5.3,1.4
nachos with cinnamon sugar,592,36.0,18.2,0.0,0.4
arroz con grandules,209,5.7,0.9,0.0,0.7
chili con carne,271,8.8,3.2,4.7,1.1
arroz con abichuelas,223,5.4,0.8,0.2,0.6
biscuit with sausage,412,27.1,8.2,1.8,0.9
vegetarian stew,304,7.4,1.2,3.1,1.0
chicken sandwich with cheese,632,38.8,12.4,0.0,1.2
biscuit with egg steak,410,28.4,8.6,0.0,0.9
taco salad,212,11.2,5.2,0.0,0.6
succotash,213,1.5,0.3,0.0,0.5
nachos with cheese jalapeno peppers,608,34.1,14.0,0.0,1.7
biscuit with egg ham,442,27.0,5.9,4.2,1.4
ladyfingers,103,2.6,0.9,7.2,0.016
mozzarella steak fried,102,5.9,2.2,0.7,0.2
tamale navajo,285,11.4,4.5,1.8,0.8
blueberry pancakes,84,3.5,0.8,0.0,0.2
chimichanga with beef cheese,443,23.4,11.2,0.0,1.0
egg cheese sandwich,340,19.4,6.6,0.0,0.8
biscuit with egg bacon,458,31.1,8.0,3.3,1.3
pupusas con queso,300,15.5,7.6,1.4,0.5
apple croissant,145,5.0,2.8,0.0,0.2
refried red beans,336,16.1,2.2,0.0,0.9
tostada with guacamole,180,11.6,4.9,0.0,0.4
chicken sandwich,468,20.9,4.0,6.8,1.4
fried rice,228,3.2,0.7,0.6,0.6
pupusas del cerdo,283,12.7,3.9,1.8,0.5
turkey pot pie,699,34.9,11.4,0.0,1.4
cheese croissant,331,16.7,8.5,9.1,0.3
chimichanga with beef,425,19.7,8.5,0.0,0.9
french toast with butter,178,9.4,3.9,0.0,0.3
ham egg cheese sandwich,347,16.3,7.4,0.0,1.0
english muffin with butter,189,5.8,2.4,0.0,0.4
savoury noodle one pan dinner tandaco,172,1.2,0.5,0.0,0.0
ham cheese sandwich,352,15.5,6.4,0.0,0.8
sweet gefilte fish,35,0.7,0.2,0.0,0.2
poached egg,72,4.7,1.6,0.2,0.1
tostada with beef cheese,315,16.3,10.4,0.0,0.9
tostada with beans cheese,223,9.9,5.4,0.0,0.5
pork tamale,247,12.8,3.8,0.7,0.7
nachos with cheese,274,17.2,1.7,1.7,0.3
pulled pork in barbecue sauce,418,11.0,3.5,37.8,1.7
baked potato with cheese sauce,474,28.7,10.6,0.0,0.4
baked beans,310,10.3,3.9,0.0,0.8
arroz con frijoles,220,5.6,1.1,1.3,0.6
taco with beef cheese lettuce,156,8.8,3.0,0.6,0.3
burrito with beans cheese beef,165,6.6,3.6,0.0,0.5
egg mix,30,2.2,0.8,0.091,0.012
falafel,57,3.0,0.4,0.0,0.081
taco salad with chili con carne,193,8.8,4.0,0.0,0.6
wonton wrappers,93,0.5,0.022,0.0,0.2
hushpuppies,512,20.5,3.2,3.1,1.0
chicken pot pie,598,34.6,12.6,7.2,1.2
general tsos chicken,1578,87.5,14.8,62.1,2.3
burrito with beans cheese,379,11.2,4.3,3.2,1.0
vegetarian fillets,247,15.3,2.4,0.7,0.4
biscuit with egg sausage,505,33.6,10.4,1.5,1.1
chicken chow mein,513,16.9,3.0,10.5,1.9
fruit burrito,231,9.5,4.6,0.0,0.2
arroz con leche,369,9.3,4.8,38.6,0.3
caramel custard flan,444,12.3,5.5,70.8,0.2
gelatin dessert,167,0.0,0.0,36.4,0.2
chocolate milk dessert,229,1.4,0.8,51.6,0.1
chocolate mousse,338,24.0,13.7,22.2,0.081
dulce de leche,60,1.4,0.9,9.5,0.036
apple crisp,454,9.7,1.9,55.5,1.0
spinach spaghetti cooked,182,0.9,0.1,0.0,0.061
corn pasta cooked,176,1.0,0.1,0.0,0.0
spaghetti with meat sauce,255,2.9,1.0,7.4,0.7
pasta with meatballs in tomato sauce,273,13.0,5.0,7.2,0.7
cheese tortellini,332,7.8,3.9,1.0,0.4
pasta with sliced franks in tomato sauce,227,6.0,2.5,8.0,0.7
lasagna,166,6.1,2.9,3.8,0.5
macaroni cheese,310,9.4,3.1,3.0,0.9
vegetable lasagna,316,13.7,5.5,5.8,1.0
spinach egg noodles cooked,211,2.5,0.6,1.1,0.068
cheese lasagna,316,13.0,5.1,10.3,0.7
pasta with tomato sauce,176,1.8,0.4,10.1,1.0
spinach pasta cooked,37,0.3,0.078,0.0,0.004
vegetable chicken soup,166,4.8,1.4,3.4,0.075
bean ham soup,198,2.5,0.6,7.8,0.5
cream of chicken soup,227,14.5,4.3,1.4,1.8
tomato soup canned,139,3.3,1.8,16.5,0.5
egg drop soup,65,1.5,0.4,0.2,0.9
scotch broth,197,6.4,2.7,0.0,2.1
cream of onion soup,268,12.8,3.6,11.1,1.9
chicken broth dry,10,0.2,0.055,0.0,1.2
vegetable soup with beef broth,162,3.8,0.9,4.0,1.3
chili with beans canned,287,14.1,6.0,3.0,1.3
beef noodle soup,168,6.2,2.3,5.2,1.6
consomme dry,17,0.2,0.0,1.1,0.8
chicken mushroom soup,126,6.1,1.6,1.0,0.8
beef vegetable soup,120,2.9,1.0,3.1,0.8
black bean soup,234,3.4,0.9,6.4,2.5
split pea soup with ham bacon,189,3.1,0.9,0.0,1.0
cream of mushroom soup,199,13.4,2.4,1.0,1.7
green pea soup,320,5.7,2.7,16.7,1.7
chicken broth soup,78,2.6,0.8,0.9,1.6
chicken mushroom chowder soup,431,23.7,6.2,0.0,1.8
chicken dumplings soup,235,13.4,3.2,1.4,1.8
chicken vegetable soup,148,5.6,1.7,3.0,1.7
turkey vegetable soup,72,3.0,0.9,2.6,0.9
wonton soup,71,0.6,0.1,0.8,0.9
beef stock,31,0.2,0.003,1.3,0.5
mushroom barley soup,186,5.5,1.1,0.0,1.7
gazpacho soup,70,0.4,0.008,2.2,1.1
beef mushroom soup,186,7.3,3.7,0.0,2.2
chicken rice soup,127,3.2,1.0,1.4,0.9
pepperpot soup,100,4.5,2.0,0.0,0.9
vegetable soup,149,4.0,0.6,7.9,1.3
chili beef soup,308,6.7,3.3,13.4,2.1
chicken soup,174,6.5,1.9,2.1,0.9
bean with frankfurters soup,188,7.0,2.1,0.0,1.1
pea soup,161,2.8,1.4,8.3,0.015
turkey soup,135,4.4,1.2,0.0,0.9
stockpot soup,201,7.8,1.7,0.0,2.1
hot sour soup,91,2.8,0.5,1.0,0.9
cheese soup,203,9.7,6.1,9.3,1.7
cream of potato soup,186,4.7,2.4,3.6,1.5
bean with bacon soup,106,2.1,1.0,0.6,0.9
fish stock,40,1.9,0.5,0.0,0.4
split pea soup with ham,381,8.9,3.5,0.0,1.7
beef broth soup,17,0.5,0.3,0.0,0.9
lentil soup with ham,139,2.8,1.1,0.0,1.3
tomato soup,98,0.7,0.2,12.2,0.6
fish broth,39,1.5,0.3,0.2,0.5
chili without beans canned,283,17.0,5.4,0.0,0.9
minestrone soup,167,5.0,1.1,3.7,1.3
clam chowder soup,154,4.4,0.8,6.8,1.8
tomato vegetable soup,54,0.8,0.4,2.4,0.3
cream of rice coup,127,0.2,0.07,0.022,0.4
cream of celery soup,181,11.2,2.8,3.4,1.3
chicken gravy,188,13.6,3.4,1.9,1.0
tomato rice soup,240,5.5,1.0,15.2,1.6
vegetable beef soup,128,2.0,0.6,0.0,1.1
tomato beef noodle soup,281,8.6,3.2,0.0,1.8
oyster stew soup,118,7.7,5.0,0.0,1.8
ramen noodle soup dry,371,13.3,6.4,1.3,1.7
chicken noodle soup,145,4.7,1.2,0.0,2.1
chicken bouillon dry,11,0.6,0.1,0.7,1.0
cream of asparagus soup,174,8.2,2.1,1.8,1.7
turkey noodle soup,139,4.0,1.1,1.0,1.6
cream of shrimp soup,181,10.4,6.5,0.0,1.7
bean with pork soup,335,11.5,3.0,7.8,1.7
chicken broth,12,0.5,0.008,0.0,0.9
beef broth powder,8,0.3,0.2,0.6,0.9
split pea soup,180,2.3,0.8,12.8,0.4
escarole soup,61,4.0,1.2,0.0,2.3
chicken stock,86,2.9,0.8,3.8,0.3
tomato bisque soup,248,5.0,1.1,0.0,1.8
shark fin soup,99,4.3,1.1,0.0,1.1
onion soup,113,3.5,0.5,6.7,1.3
chicken gumbo soup,113,2.9,0.7,4.9,1.7
crab soup,95,0.8,0.2,0.0,0.6
tripe soup,148,5.2,2.1,0.0,0.8
little india little lunch,164,10.6,15.6,0.0,0.0
original chicken sandwich chick fil a,125,5.1,11.6,0.0,0.0
sausage mcmuffin mcdonalds,383,24.2,8.3,2.2,0.8
sausage mcgriddles mcdonalds,421,24.0,7.3,15.2,1.0
crispy chicken drumstick kentucky fried chicken,70,3.0,0.8,0.0,0.2
chicken crispy drumsticks kentucky fried chicken,156,10.1,2.2,0.0,0.4
biscuit kentucky fried chicken,185,9.1,2.2,1.7,0.5
english muffin mcdonalds,97,2.3,1.1,1.5,0.031
french fries mcdonalds,378,18.1,2.7,0.2,0.2
hotdog,383,23.0,8.1,0.0,1.1
french fries burger king,207,9.2,1.6,0.4,0.2
original taco with beef cheese lettuce taco bell,158,8.8,3.0,0.6,0.3
hotdog with chili,296,13.4,4.9,0.0,0.5
chicken crispy wings kentucky fried chicken,148,10.1,2.1,0.0,0.3
egg white delight mcdonalds,250,16.0,4.0,0.0,0.0
french toast sticks burger king,73,3.7,0.8,2.1,0.014
mcchicken mcdonalds,358,17.3,3.1,4.7,0.8
nachos supreme taco bell,480,26.6,7.8,0.0,0.8
crispy chicken wing kentucky fried chicken,104,5.3,1.1,0.0,0.3
chicken strips burger king,105,5.5,1.0,0.0,0.3
crispy chicken breast kentucky fried chicken,214,6.7,1.7,0.0,0.7
sausage biscuit mcdonalds,440,29.7,12.5,2.3,1.0
sausage burrito mcdonalds,339,17.1,6.1,1.4,0.8
onion rings fried,27,1.6,0.3,0.4,0.015
onion rings burger king,379,23.0,3.8,4.9,0.7
turkey patty fried,79,5.0,1.3,0.053,0.2
hotcakes with syrup mcdonalds,601,17.8,1.8,45.5,0.6
crispy chicken thigh kentucky fried chicken,163,9.1,2.5,0.0,0.5
corn dog,195,9.4,2.7,5.9,0.5
chicken box mcdonalds,70,4.0,0.8,0.5,0.0
potato wedges kentucky fried chicken,379,19.8,4.0,0.0,1.0
scrambled eggs mcdonalds,98,7.5,2.1,0.1,0.04
egg mcmuffin mcdonalds,287,12.2,4.5,2.7,0.8
nachos taco bell,362,21.9,4.7,0.0,0.5
biscuit large mcdonalds,310,14.4,8.3,2.7,0.9
crispy chicken strips kentucky fried chicken,129,7.2,1.4,0.0,0.4
hotcakes mcdonalds,113,2.9,0.6,4.4,0.2
chicken crispy breast kentucky fried chicken,375,23.2,5.0,0.0,0.8
hotcakes sausage mcdonalds,776,34.9,7.3,45.7,0.9
chicken mcnuggets mcdonalds,48,3.2,0.5,0.025,0.009
chips chipotle,151,7.1,0.9,2.1,0.0
biscuit mcdonalds,261,12.2,7.0,2.2,0.7
rice bowl with chicken,36,0.4,0.01,1.2,0.064
spaghetti with meatballs,200,8.2,2.9,5.8,0.6
meat ravioli canned,259,8.9,3.7,6.3,0.9
cheese ravioli canned,186,3.5,1.7,9.0,0.7
premium crispy chicken ranch blt sandwich mcdonalds,586,22.9,4.7,13.3,1.2
steak sandwich,459,14.1,3.8,0.0,0.8
cheeseburger burger king,380,19.7,9.1,6.0,0.8
cheeseburger mcdonalds,313,14.0,5.3,7.4,0.7
double cheeseburger,643,36.9,15.9,9.5,0.9
double hamburger,942,58.6,21.6,13.2,1.1
premium grilled chicken classic sandwich mcdonalds,366,8.6,1.7,10.0,0.8
big n tasty with cheese mcdonalds,573,36.0,10.8,9.5,1.0
premium grilled chicken club sandwich mcdonalds,493,18.0,6.4,6.4,1.0
quarter pounder mcdonalds,417,19.8,6.9,8.8,0.7
premium crispy chicken classic sandwich mcdonalds,524,20.0,3.2,12.4,1.0
veggie burger,124,4.4,1.0,0.7,0.4
quarter pounder with cheese mcdonalds,513,28.3,11.2,9.8,1.2
beef sandwich steak raw,173,15.1,6.5,0.0,0.043
cheeseburger,292,13.2,6.0,5.9,0.6
premium grilled chicken ranch blt sandwich mcdonalds,412,10.9,3.0,10.5,1.0
double whopper with cheese burger king,1061,68.1,27.9,14.4,1.5
big mac mcdonalds,563,32.8,8.3,8.7,1.0
sandwich with cold cuts,833,39.3,13.9,12.4,2.2
filet o fish mcdonalds,378,19.6,3.8,4.9,0.6
hand breaded chicken tenders carls jr,57,2.9,0.6,0.0,0.0
grilled chicken sandwich wendys,370,8.0,42.0,0.0,0.0
sandwich with roast beef,410,13.0,7.1,0.0,0.8
hamburger burger king,258,10.4,3.8,5.5,0.5
big n tasty mcdonalds,524,31.7,8.6,8.8,0.7
roast beef sandwich,364,15.3,5.1,5.7,1.0
roast beef sandwich with cheese,473,18.0,9.0,0.0,1.6
hamburger,255,9.9,3.5,5.8,0.5
premium fish sandwich burger king,572,27.4,4.3,7.8,1.3
whopper burger king,790,48.4,18.3,13.0,1.4
sandwich with tuna salad,584,28.0,5.3,0.0,1.3
original chicken sandwich burger king,569,29.2,5.4,6.0,1.3
double whopper burger king,942,58.6,21.6,13.2,1.1
premium crispy chicken club sandwich mcdonalds,635,29.9,8.5,12.7,1.2
hamburger mcdonalds,251,9.6,3.3,5.7,0.5
pepperoni pizza dominos,308,12.6,5.4,4.2,0.7
sausage pizza,325,14.3,5.8,3.9,0.7
pepperoni pizza,313,13.2,5.7,3.6,0.8
pepperoni pizza pizza hut,269,10.9,5.0,3.5,0.8
cheese pizza pizza hut,260,10.5,4.8,3.2,0.7
cheese pizza,285,10.4,4.8,3.8,0.6
cheese pizza dominos,278,9.7,4.4,4.3,0.6
meat vegetable pizza,332,14.8,6.0,5.1,0.8
sucker raw,146,3.7,0.7,0.0,0.0
northern pike raw,348,2.7,0.5,0.0,0.2
haddock cooked,135,0.8,0.2,0.0,0.4
burbot cooked,104,0.9,0.2,0.0,0.1
pollock cooked,356,3.8,0.5,0.0,0.3
rainbow smelt raw,27,0.7,0.1,0.0,0.019
whitefish cooked,265,11.6,1.8,0.0,0.1
walleye pike raw,148,1.9,0.4,0.0,0.011
carp cooked,275,12.2,2.4,0.0,0.1
wolffish cooked,293,7.3,1.1,0.0,0.3
snapper cooked,218,2.9,0.6,0.0,0.066
roe cooked,58,2.3,0.5,0.0,0.055
anchovy raw,37,1.4,0.4,0.0,0.012
herring raw,291,16.6,3.8,0.0,0.2
cod raw,189,1.5,0.3,0.0,0.1
tilapia raw,111,2.0,0.7,0.0,0.009
whiting cooked,84,1.2,0.3,0.0,0.018
skipjack tuna cooked,407,4.0,1.3,0.0,0.1
salmon cooked,733,44.0,8.5,0.0,0.2
chum salmon cooked,474,14.9,3.3,0.0,0.2
american shad cooked,363,25.4,0.0,0.0,0.043
shark cooked,65,3.9,0.9,0.0,0.068
trout cooked,118,5.3,0.9,0.0,0.027
swordfish raw,196,9.0,2.2,0.0,0.1
rainbow trout cooked,119,5.2,1.2,0.0,0.041
fish sandwich with cheese,374,19.6,3.8,4.9,0.6
jellyfish dried,21,0.8,0.2,0.0,5.6
mullet raw,139,4.5,1.3,0.0,0.098
halibut cooked,353,5.1,1.1,0.0,0.3
lingcod raw,213,2.7,0.5,0.0,0.1
orange roughy cooked,30,0.3,0.046,0.0,0.079
cisco raw,77,1.5,0.3,0.0,0.042
florida pompano cooked,186,10.7,4.0,0.0,0.05
snapper raw,218,2.9,0.6,0.0,0.1
fish sandwich,565,27.4,4.3,7.8,1.3
haddock raw,143,0.9,0.2,0.0,0.4
ocean perch raw,51,1.0,0.2,0.0,0.2
cuttlefish cooked,45,0.4,0.08,0.0,0.2
cod cooked,189,1.5,0.3,0.0,0.1
seatrout raw,248,8.6,2.4,0.0,0.1
flounder raw,114,3.1,0.7,0.0,0.5
spot cooked,79,3.1,0.9,0.0,0.022
walleye pike cooked,148,1.9,0.4,0.0,0.069
perch raw,55,0.6,0.1,0.0,0.037
pumpkin seed sunfish raw,43,0.3,0.051,0.0,0.06
salt mackerel,415,34.1,9.7,0.0,6.1
mackerel cooked,231,15.7,3.7,0.0,0.064
tilapia cooked,111,2.3,0.8,0.0,0.011
drum raw,236,9.8,2.2,0.0,0.1
atlantic croaker fried,192,11.0,3.0,0.0,0.3
pumpkin seed sunfish cooked,42,0.3,0.025,0.0,0.046
wolffish raw,294,7.3,1.1,0.0,0.3
bluefin tuna cooked,276,9.4,2.4,0.0,0.02
scup cooked,68,1.8,0.0,0.0,0.061
herring cooked,290,16.6,3.7,0.0,0.2
bluefish raw,186,6.4,1.4,0.0,0.028
sheepshead cooked,234,3.0,0.7,0.0,0.1
bass cooked,91,2.9,0.6,0.0,0.078
pout cooked,279,3.2,1.1,0.0,0.2
chinook salmon raw,709,41.3,12.3,0.0,0.2
rockfish raw,172,2.6,0.7,0.0,0.1
tilefish raw,371,8.9,1.7,0.0,0.2
scup raw,174,4.5,1.1,0.0,0.082
sablefish cooked,755,59.3,12.4,0.0,0.2
tuna salad,383,19.0,3.2,0.0,0.8
coho salmon cooked,255,11.8,2.8,0.0,0.06
roe raw,20,0.9,0.2,0.0,0.052
sea bass raw,125,2.6,0.7,0.0,0.084
pink salmon cooked,349,12.0,2.2,0.0,0.2
sockeye salmon cooked,493,17.3,3.0,0.0,0.3
whitefish raw,265,11.6,1.8,0.0,0.1
greenland halibut cooked,760,56.4,9.9,0.0,0.3
northern pike cooked,350,2.7,0.5,0.0,0.2
salmon raw,824,53.1,12.1,0.0,0.2
turbot cooked,388,12.0,0.0,0.0,0.6
surimi,28,0.3,0.059,0.0,0.042
chinook salmon cooked,711,41.2,9.9,0.0,0.2
mullet cooked,140,4.5,1.3,0.0,0.001
chum salmon raw,3,0.1,0.08,0.0,0.029
butterfish raw,47,2.6,1.1,0.0,0.072
sea bass cooked,125,2.6,0.7,0.0,0.058
greenland halibut raw,759,56.5,9.9,0.0,0.3
halibut raw,371,5.4,1.2,0.0,0.3
sturgeon cooked,184,7.0,1.6,0.0,0.019
fish fillet fried,211,11.2,2.6,0.0,0.5
rainbow trout raw,111,4.9,1.1,0.0,0.022
pout raw,278,3.2,1.1,0.0,0.2
rainbow smelt cooked,35,0.9,0.2,0.0,0.047
monkfish raw,22,0.4,0.079,0.0,0.059
trout raw,117,5.2,0.9,0.0,0.051
shark raw,37,1.3,0.3,0.0,0.003
burbot raw,104,0.9,0.2,0.0,0.1
dolphinfish cooked,173,1.4,0.4,0.0,0.2
crayfish cooked,25,0.4,0.089,0.0,0.058
dolphinfish raw,173,1.4,0.4,0.0,0.2
perch cooked,54,0.5,0.1,0.0,0.043
cusk raw,106,0.8,0.2,0.0,0.086
bluefin tuna raw,41,1.4,0.4,0.0,0.013
milkfish cooked,54,2.4,0.0,0.0,0.076
carp raw,277,12.2,2.4,0.0,0.1
sturgeon raw,30,1.1,0.3,0.0,0.007
orange roughy raw,22,0.2,0.057,0.0,0.063
catfish fried,199,11.6,2.9,0.0,0.2
cuttlefish raw,22,0.2,0.002,0.0,0.1
bass raw,90,2.9,0.6,0.0,0.055
flounder cooked,109,3.0,0.7,0.0,0.5
milkfish raw,42,1.9,0.5,0.0,0.098
eel raw,375,23.8,4.8,0.0,0.1
catfish raw,189,9.4,2.1,0.0,0.2
fish sticks,78,4.5,1.0,0.5,0.1
coho salmon raw,254,12.2,2.9,0.0,0.054
monkfish cooked,27,0.6,0.0,0.0,0.004
yellowtail cooked,546,19.6,0.0,0.0,0.1
yellowfin tuna cooked,37,0.2,0.054,0.0,0.011
ling cooked,168,1.2,0.0,0.0,0.3
eel cooked,67,4.2,0.9,0.0,0.069
sablefish raw,753,59.1,12.4,0.0,0.2
salmon nuggets,60,3.3,0.4,0.0,0.005
yellowtail raw,546,19.6,4.8,0.0,0.1
butterfish cooked,47,2.6,0.0,0.0,0.042
caviar,42,2.9,0.6,0.0,0.2
pollock raw,355,3.8,0.5,0.0,0.3
catfish cooked,206,10.3,2.3,0.0,0.2
whiting raw,83,1.2,0.2,0.0,0.016
pink salmon raw,404,14.0,2.6,0.0,0.2
yellowfin tuna raw,31,0.1,0.073,0.0,0.049
mackerel raw,230,15.6,3.6,0.0,0.1
turbot raw,388,12.0,3.1,0.0,0.6
cusk cooked,106,0.8,0.0,0.0,0.047
atlantic croaker raw,82,2.5,0.9,0.0,0.014
sucker cooked,148,3.7,0.7,0.0,0.019
spot raw,79,3.1,0.9,0.0,0.022
drum cooked,236,9.7,2.2,0.0,0.1
crayfish raw,3,0.048,0.01,0.0,0.024
tilefish cooked,441,14.1,2.6,0.0,0.2
bluefish cooked,186,6.4,1.4,0.0,0.045
grouper cooked,238,2.6,0.6,0.0,0.1
sheepshead raw,257,5.7,1.4,0.0,0.2
herring kippered,87,4.9,1.1,0.0,0.4
grouper raw,238,2.6,0.6,0.0,0.1
ocean perch cooked,48,0.9,0.2,0.0,0.2
ling raw,168,1.2,0.2,0.0,0.3
lingcod cooked,329,4.1,0.8,0.0,0.2
florida pompano raw,184,10.6,3.9,0.0,0.081
rockfish cooked,162,2.4,0.6,0.0,0.1
seatrout cooked,247,8.6,2.4,0.0,0.1
sockeye salmon raw,562,22.2,4.7,0.0,0.4
swordfish cooked,182,8.4,2.0,0.0,0.1
american shad raw,362,25.3,5.8,0.0,0.001
sardine canned in oil,310,17.1,2.3,0.0,0.5
anchovy canned in oil,8,0.4,0.001,0.0,0.1
salmon canned,520,20.3,5.5,0.0,1.8
sardines in tomato sauce canned,165,9.3,2.4,0.4,0.4
sockeye salmon canned,563,24.9,4.9,0.0,1.4
tuna canned,102,2.4,0.6,0.0,0.3
pink salmon canned,530,20.4,3.5,0.0,1.7
cod canned,328,2.7,0.5,0.0,0.7
eastern oyster canned,110,4.0,1.0,0.0,0.2
chum salmon canned,520,20.3,5.5,0.0,0.3
tuna canned in oil,331,14.4,2.3,0.0,0.7
wild pink salmon oceans,320,16.0,0.0,0.0,0.0
shrimp canned,128,1.7,0.2,0.0,1.1
alaska king crab raw,144,1.0,0.2,0.0,1.4
scallops fried,64,3.2,0.8,0.0,0.2
shrimp cooked,7,0.092,0.023,0.0,0.012
clams fried,19,1.0,0.3,0.0,0.068
alaska king crab cooked,130,2.1,0.2,0.0,1.4
scallops cooked,11,0.058,0.092,0.0,0.06
squid fried,140,6.0,1.5,0.0,0.2
oyster raw,41,1.2,0.3,0.0,0.059
abalone,89,0.6,0.1,0.0,0.3
queen crab raw,25,0.3,0.096,0.0,0.2
whelk cooked,78,0.2,0.003,0.0,0.1
oyster cooked,41,1.2,0.3,0.0,0.066
eastern oyster cooked,8,0.2,0.073,0.0,0.038
blue mussels cooked,344,9.0,1.7,0.0,0.7
octopus raw,23,0.3,0.002,0.0,0.064
spiny lobster cooked,233,3.2,0.5,0.0,0.4
blue mussels raw,129,3.4,0.6,0.0,0.4
queen crab cooked,98,1.3,0.2,0.0,0.6
dungeness crab cooked,140,1.6,0.2,0.0,0.5
dungeness crab raw,140,1.6,0.2,0.0,0.5
shrimp fried,52,3.2,0.7,0.086,0.2
shrimp raw,4,0.023,0.061,0.0,0.083
blue crab cooked,71,0.6,0.2,0.0,0.3
shrimp imitation,29,0.4,0.019,0.0,0.2
conch baked,165,1.5,0.5,0.0,0.2
squid raw,26,0.4,0.1,0.0,0.09
scallop raw,10,0.091,0.089,0.0,0.057
lobster raw,116,1.1,0.3,0.0,0.6
scallop imitation,28,0.1,0.065,0.0,0.2
blue crab raw,18,0.2,0.067,0.0,0.079
whelk raw,39,0.1,0.096,0.0,0.073
spiny lobster raw,234,3.2,0.5,0.0,0.4
clams canned,227,2.5,0.5,0.0,0.2
lobster cooked,134,1.3,0.3,0.0,0.7
eastern oyster fried,29,1.8,0.5,0.0,0.015
clams raw,195,2.2,0.4,0.0,1.4
octopus cooked,139,1.8,0.4,0.0,0.4
eastern oyster raw,8,0.2,0.0,0.0,0.021
oyster fried,61,3.0,0.8,0.0,0.1
sturgeon smoked,49,1.2,0.3,0.0,0.2
chinook salmon smoked,159,5.9,1.3,0.0,1.1
cisco smoked,50,3.4,0.5,0.0,0.1
haddock smoked,33,0.3,0.049,0.0,0.2
whitefish smoked,147,1.3,0.3,0.0,1.4
red salmon sockeye filets smoked,373,12.3,2.8,0.0,0.065
eggnog,224,10.6,6.6,20.4,0.1
beer light,96,0.0,0.0,0.3,0.095
beer budweiser,12,0.0,0.0,0.0,0.095
weizenbier erdinger,220,18.0,13.0,0.0,0.0
beer light budweiser,9,0.0,0.0,0.0,0.016
beer,142,0.0,0.0,0.0,0.067
root beer,202,0.0,0.0,52.3,0.068
whiskey sour mix,26,0.072,0.069,6.3,0.073
whiskey sour,158,0.0,0.018,0.0,0.067
tequila sunrise,232,0.2,0.0,0.0,0.1
daiquiri,112,0.036,0.063,3.3,0.008
pina colada,245,2.7,2.3,31.5,0.089
whiskey,58,0.0,0.0,0.078,0.0
rum,49,0.0,0.0,0.0,0.053
vodka smirnoff,13,0.4,0.013,0.082,0.0
coffee liqueur,96,0.038,0.096,13.7,0.093
gin,53,0.0,0.0,0.0,0.029
dessert wine sweet,165,0.0,0.0,8.0,0.047
chenin blanc white wine,118,0.0,0.0,0.0,0.0
gamay red wine,115,0.0,0.0,0.0,0.0
late harvest white wine,172,0.0,0.0,0.0,0.0
gewurztraminer white wine,119,0.0,0.0,0.0,0.0
burgundy red wine,172,0.0,0.0,0.0,0.0
zinfandel red wine,129,0.0,0.0,0.0,0.0
muller thurgau white wine,112,0.0,0.0,0.0,0.0
mouvedre red wine,129,0.0,0.0,0.0,0.0
table wine,123,0.0,0.0,1.2,0.087
wine light,73,0.0,0.0,1.7,0.046
white wine,121,0.0,0.0,1.4,0.098
petite sirah red wine,125,0.0,0.0,0.0,0.0
non alcoholic wine,2,0.0,0.0,0.3,0.095
pinot noir red wine,121,0.0,0.0,0.0,0.0
pinot gris grigio white wine,122,0.0,0.0,0.0,0.0
riesling white wine,118,0.0,0.0,0.0,0.0
barbera red wine,170,0.0,0.0,0.0,0.0
lemberger red wine,118,0.0,0.0,0.0,0.0
merlot red wine,122,0.0,0.0,0.9,0.011
sangiovese red wine,126,0.0,0.0,0.0,0.0
sauvignon blanc white wine,119,0.0,0.0,0.0,0.0
syrah red wine,122,0.0,0.0,0.0,0.0
carignane red wine,370,0.0,0.0,0.0,0.0
pinot blanc white wine,119,0.0,0.0,0.0,0.0
semillon white wine,121,0.0,0.0,0.0,0.0
dessert wine dry,760,0.0,0.0,5.5,0.0
red wine,125,0.0,0.0,0.9,0.027
cabernet sauvignon red wine,166,0.0,0.0,0.0,0.0
muscat white wine,123,0.0,0.0,0.0,0.0
cooking wine,2,0.0,0.0,0.09,0.002
chardonnay white wine,168,0.0,0.0,1.9,0.027
claret red wine,122,0.0,0.0,0.0,0.0
rice sake,197,0.0,0.0,0.0,0.046
fume blanc white wine,121,0.0,0.0,0.0,0.0
cabarnet franc red wine,122,0.0,0.0,0.0,0.0
chocolate frosting,81,3.6,1.1,11.8,0.025
white sugar,19,0.0,0.0,4.9,0.012
egg substitute,115,0.0,0.0,4.8,0.5
agave syrup,21,0.081,0.0,4.7,0.09
splenda sweetener,336,0.0,0.0,80.3,0.0
vanilla extract,12,0.069,0.003,0.5,0.061
egg yolk dried,27,2.3,0.7,0.002,0.071
granulated sugar,16,0.0,0.0,4.2,0.019
baking chocolate,145,15.2,9.4,0.3,0.049
bakers yeast,18,0.3,0.089,0.0,0.066
fondant,106,0.009,0.0,25.2,0.022
brown sugar,16,0.0,0.0,4.1,0.094
white frosting dry,768,0.0,0.0,0.0,0.5
maple sugar,42,0.061,0.076,10.2,0.031
fructose sweetener,15,0.0,0.0,3.9,0.013
saccharin sweetener,360,0.0,0.0,85.2,0.4
egg white raw,17,0.063,0.0,0.2,0.038
turbinado sugar,18,0.0,0.0,4.6,0.008
vanilla frosting,1931,75.0,13.7,291.5,0.9
aspartame sweetener,365,0.0,0.0,80.7,0.0
egg raw,80,5.3,1.8,0.2,0.08
pineapple topping,860,0.3,0.066,71.4,0.1
egg white dried,26,0.087,0.0,0.0,0.052
egg yolk raw,55,4.5,1.6,0.08,0.006
baking soda,0,0.0,0.0,0.0,1.3
egg dried,30,2.2,0.7,0.05,0.06
strawberry topping,53,0.096,0.071,5.7,0.099
bakers yeast dry,13,0.3,0.078,0.0,0.081
almond paste,1040,63.0,6.0,82.3,0.051
cream of tartar,8,0.0,0.0,0.0,0.009
popover dry mix,631,7.3,1.7,0.0,1.5
egg substitute powder,126,3.7,1.1,6.2,0.2
gelatin powder,17,0.086,0.09,0.0,0.029
tapioca pearls,544,0.093,0.075,5.1,0.077
baking powder,2,0.0,0.0,0.0,0.5
egg boiled,93,6.4,2.0,0.7,0.042
millet flour,444,5.1,0.6,2.0,0.056
triticale flour,439,2.4,0.4,0.0,0.096
corn flour white,414,4.2,0.6,1.8,0.036
rice flour brown,574,4.4,0.9,1.3,0.039
sorghum flour,437,4.0,0.6,2.3,0.023
cornmeal whole grain,442,4.4,0.6,0.8,0.022
cornmeal white,581,2.7,0.3,2.5,0.094
barley flour,511,2.4,0.5,1.2,0.062
safflower seed meal,97,0.7,0.029,0.0,0.006
sesame flour,658,46.4,6.5,0.0,0.041
whole grain wheat flour,408,3.0,0.5,0.5,0.027
corn flour yellow,422,4.5,0.6,0.7,0.04
corn flour whole grain,422,4.5,0.6,0.7,0.033
cottonseed flour low fat,94,0.4,0.082,0.0,0.022
sunflower seed flour,13,0.013,0.036,0.0,0.073
sesame meal,160,13.6,1.9,0.0,0.073
acorn flour,626,37.7,4.9,0.0,0.0
rice flour white,578,2.2,0.6,0.2,0.0
sesame flour low fat,94,0.5,0.011,0.0,0.072
potato flour,571,0.5,0.1,5.6,0.042
cornmeal yellow,581,2.7,0.3,2.5,0.011
rye flour,364,1.4,0.2,0.9,0.061
arrowroot flour,457,0.1,0.019,0.0,0.002
chickpea flour,356,6.2,0.6,10.0,0.05
wheat flour,455,1.2,0.2,0.3,0.061
cornstarch,488,0.03,0.077,0.0,0.093
carob flour,13,0.061,0.041,2.9,0.033
buckwheat flour,402,3.7,0.8,3.1,0.033
pecan pie,503,27.1,4.9,0.0,0.3
apple pie,331,15.6,3.8,0.0,0.3
vanilla wafer pie crust,935,63.7,13.1,12.9,0.9
chocolate pie crust,881,40.8,8.6,47.9,0.9
apple strudel,195,8.0,1.5,18.3,0.02
chocolate snack cake,200,8.0,2.4,18.9,0.2
fruit fried pie,404,20.6,3.1,27.4,0.4
pumpkin pie,316,14.4,4.9,0.0,0.3
corn cake,35,0.2,0.019,2.1,0.01
sponge snack cake,157,4.8,1.7,15.7,0.2
danish pastry with nuts,280,16.4,3.8,16.8,0.2
chocolate cream pie,301,19.2,4.9,0.0,0.1
angel food cake,72,0.2,0.071,0.0,0.2
lemon meringue pie,362,16.4,4.0,0.0,0.3
danish pastry with cinnamon,349,16.7,3.5,0.0,0.3
cinnamon coffeecake,238,13.3,3.3,0.0,0.2
cheesecake,257,18.0,7.9,17.4,0.4
fruitcake,139,3.9,0.5,11.8,0.013
egg custard,293,12.9,6.1,31.0,0.2
mince pie,477,17.8,4.4,46.7,0.4
yellow cake with chocolate frosting,546,25.6,8.3,56.5,0.4
danish pastry with fruit,335,15.9,3.3,0.0,0.3
white cake with coconut frosting,399,11.5,4.4,64.3,0.3
danish pastry with cheese,353,24.6,5.1,0.0,0.3
graham cracker pie crust,917,45.4,9.1,33.2,0.9
blueberry pie,360,17.5,4.3,0.0,0.3
yellow cake with vanilla frosting,239,9.3,1.5,0.0,0.2
pie crust,121,8.0,2.0,0.045,0.1
chocolate cake with chocolate frosting,537,27.7,8.2,55.1,0.5
cheese coffeecake,258,11.6,4.1,0.0,0.3
vanilla cream pie,350,18.1,5.1,16.0,0.3
pineapple cake,367,13.9,3.4,0.0,0.4
peach pie,262,11.7,1.8,19.0,0.3
fruit coffeecake,156,5.1,1.2,0.0,0.2
pound cake,116,6.0,3.5,0.0,0.1
pound cake bread,215,9.6,1.7,10.0,0.2
white cake,264,9.2,2.4,26.3,0.2
coffeecake with chocolate frosting,298,9.7,2.5,0.0,0.3
popcorn cake,38,0.3,0.074,0.001,0.05
banana cream pie,3190,161.3,44.6,143.0,2.8
baked apple pie mcdonalds,91,4.4,1.1,4.9,0.076
sponge cake,187,2.7,0.8,0.0,0.1
yellow cake,245,9.9,2.7,0.0,0.2
shortcake,98,4.0,1.1,0.0,0.1
cherry pie,486,22.0,5.4,0.0,0.3
dutch apple pie,397,15.8,3.2,30.2,0.3
chocolate cake,352,14.3,5.2,0.0,0.3
marshmallow,64,0.033,0.045,11.5,0.039
sugar apple,72,0.2,0.009,0.0,0.045
toffee,67,3.9,2.5,7.6,0.044
vanilla fudge with nuts,123,3.9,1.1,20.1,0.075
peanuts chocolate coated,21,1.3,0.6,1.5,0.063
caramel with nuts chocolate coated,66,2.9,0.7,5.8,0.041
gingerbread,263,12.1,3.1,0.0,0.2
rolo nestle,24,1.0,0.6,0.078,0.0
vanilla fudge,108,1.5,1.0,22.6,0.04
halavah,328,15.1,2.9,0.0,0.1
praline,189,10.1,0.9,21.8,0.016
fruit juice bar,67,0.089,0.0,13.5,0.011
peanut brittle,138,5.4,1.2,14.5,0.1
butterscotch,21,0.2,0.1,4.3,0.039
chocolate coffee beans,155,9.4,5.1,14.4,0.006
nougat with almonds,56,0.2,0.2,11.7,0.061
carob,135,7.8,7.3,8.5,0.015
peanut butter fudge,62,1.1,0.3,11.7,0.085
sugar coated almonds,17,0.6,0.016,2.2,0.021
chocolate coated marshmallow,118,4.7,1.3,12.5,0.002
raisins chocolate coated,390,14.8,10.3,62.2,0.021
chewing gum sugarless,5,0.013,0.09,0.0,0.001
chewing gum,11,0.032,0.058,2.0,0.083
chocolate syrup,109,0.4,0.2,19.4,0.061
chocolate fudge syrup,67,1.7,0.8,6.6,0.084
m ms milk chocolate mars,207,8.9,5.5,26.7,0.018
milk chocolate with almonds,216,14.1,7.3,18.0,0.051
chocolate fudge,70,1.8,1.1,12.4,0.032
milk chocolate with rice cereal,0,0.0,0.0,0.0,0.0
m ms peanut chocolate mars,93,4.7,1.8,9.1,0.017
dark chocolate,165,9.7,5.7,13.8,0.013
chocolate semisweet,806,50.4,29.8,91.6,0.042
after eight mints nestle,36,1.0,0.7,5.6,0.025
milk chocolate,37,2.1,1.3,3.6,0.045
white chocolate,162,9.6,5.8,17.7,0.009
chocolate,208,14.0,8.2,21.1,0.001
twix mars,146,7.2,5.5,14.0,0.064
kit kat nestle,62,3.3,2.2,6.5,0.022
snickers mars,280,13.6,5.2,28.8,0.1
milky way mars,264,10.0,7.0,34.6,0.021
clif bar,235,4.0,1.0,21.5,0.1
gum drops,18,0.042,0.05,3.5,0.008
skittles wild berry mars,249,2.6,2.6,47.1,0.036
skittles original mars,251,2.7,2.6,47.0,0.025
skittles tropical mars,251,2.7,0.0,47.0,0.095
fruit leather,52,0.4,0.025,6.9,0.0
taffy,60,0.5,0.3,10.3,0.028
eisbonbons mac iver,23,0.0,0.0,0.0,0.0
caramels,39,0.8,0.3,6.6,0.015
hard candy,24,0.067,0.0,3.8,0.021
jellybeans,4,0.043,0.0,0.8,0.076
jellies,56,0.069,0.033,10.8,0.016
wheat germ toasted,115,3.2,0.5,2.3,0.06
crispy brown rice,124,1.1,0.2,2.9,0.086
bran flakes asda,109,0.6,0.2,0.0,0.0
amaranth cooked,251,3.9,0.0,0.0,0.095
triticale,645,4.0,0.7,0.0,0.049
barley raw,42,0.1,0.041,0.094,0.016
bulgur dry,171,0.7,0.1,0.2,0.071
cottonseed kernels roasted,754,54.1,14.5,0.0,0.073
rice bran,373,24.6,4.9,1.1,0.036
chaptti roti indian bread,491,2.5,2.5,68.4,0.0
quinoa cooked,222,3.6,0.4,1.6,0.026
dar vida swiss original,116,3.1,0.3,0.0,0.0
teff cooked,255,1.6,0.0,0.0,0.053
couscous dry,650,1.1,0.2,0.0,0.031
weetabix weetabix,2078,11.5,396.1,0.0,0.0
oat bran cooked,88,1.9,0.4,0.0,0.082
buckwheat cooked,155,1.0,0.2,1.5,0.053
millet puffed,74,0.7,0.1,0.1,0.076
oat bran raw,23,0.5,0.077,0.1,0.036
popcorn oil popped,64,4.8,0.8,0.027,0.018
kamut cooked,251,1.6,0.0,0.0,0.038
wheat bran,125,2.5,0.4,0.2,0.015
cheese popcorn,58,3.7,0.7,0.0,0.002
raisin bran crunch kelloggs,90,0.5,0.0,9.0,0.0
couscous cooked,176,0.3,0.091,0.2,0.054
multigrain cheerios general mills,4,0.005,0.0,0.2,0.0
bulgur cooked,151,0.4,0.053,0.2,0.049
popcorn air popped,31,0.4,0.011,0.086,0.016
teff raw,708,4.6,0.9,3.6,0.053
spelt cooked,246,1.6,0.0,0.0,0.041
millet raw,756,8.4,1.4,0.0,0.013
popcorn unpopped,106,1.2,0.2,0.3,0.001
whole wheat cooked,150,1.0,0.1,0.2,0.6
wheat sprouted,214,1.4,0.2,0.0,0.026
whole wheat dry,96,0.6,0.031,0.1,0.036
caramel popcorn,122,3.6,1.0,15.1,0.069
wheat puffed,44,0.1,0.025,0.0,0.03
roggenmischbrot sonnenblumenkerne aldi,82,3.1,9.9,0.0,0.0
wheat germ,112,3.0,0.5,0.0,0.037
microwave popcorn,465,26.3,12.7,0.3,0.6
millet cooked,207,1.7,0.3,0.2,0.046
kamut raw,627,4.1,0.4,15.2,0.012
wheat durum,651,4.7,0.9,0.0,0.032
sorghum,651,6.3,0.9,0.0,0.045
white wheat,657,3.3,0.5,0.8,0.094
rye,571,2.8,0.3,1.7,0.078
spelt raw,588,4.2,0.7,11.9,0.076
buckwheat raw,41,0.4,0.007,0.0,0.054
honey cereali general mills,104,2.0,21.2,0.0,0.0
barley cooked,193,0.7,0.1,0.4,0.064
oats,39,0.7,0.1,0.0,0.074
amaranth raw,37,0.7,0.1,0.2,0.077
semolina,601,1.8,0.3,0.0,0.097
quinoa dry,221,3.6,0.4,0.0,0.026
wheat shredded,155,1.0,0.2,0.4,0.086
cattail,5,0.0,0.0,0.074,0.031
peanut granola bar,116,5.7,0.8,8.2,0.006
vanilla bluberry bar kind,49,1.4,8.4,0.096,0.0
coconut granola bar,150,9.1,6.4,9.7,0.006
almond granola bar,119,6.1,3.0,0.0,0.067
chocolate chip granola bar,105,3.9,2.7,0.0,0.062
fruit granola bar,82,0.2,0.034,13.3,0.028
granola bar,99,4.2,0.5,6.0,0.084
peanut bar,209,13.5,1.9,16.9,0.059
milk cereal bar,103,2.7,2.3,11.5,0.087
almond rice bar,128,5.7,1.1,0.0,0.0
fruit nut squares,55,1.3,0.1,6.4,0.086
rice wheat cereal bar,90,2.0,0.0,7.0,0.1
crisped rice bar,113,3.8,1.5,0.0,0.01
brown rice raw,685,5.4,1.1,1.6,0.086
rice pilaf cooked,352,8.8,1.8,0.6,1.0
beef flavored rice raw,657,2.3,0.0,0.0,2.4
wild rice cooked,166,0.6,0.078,1.2,0.008
wild rice raw,571,1.7,0.2,4.0,0.051
congee with pork shrimp and squid plus egg,178,0.3,39.3,0.0,0.0
white rice pasta cooked,246,5.7,1.1,0.0,1.1
chicken flavored rice raw,601,2.2,0.7,4.0,2.1
instant white rice raw,361,0.9,0.1,0.026,0.039
rice crisps,107,0.4,0.065,2.3,0.2
parboiled white rice raw,692,1.9,0.5,0.6,0.055
instant white rice cooked,193,0.8,0.088,0.0,0.001
rice pilaf raw,732,2.8,0.0,3.1,2.7
rice cracker cake,111,1.2,0.2,0.2,0.097
parboiled white rice cooked,194,0.6,0.1,0.2,0.088
white rice steamed,199,0.4,0.0,0.0,0.009
brown rice cake,35,0.3,0.062,0.047,0.024
glutinous white rice raw,685,1.0,0.2,0.0,0.015
white rice pasta raw,600,4.0,0.7,0.0,3.0
glutinous white rice cooked,169,0.3,0.056,0.078,0.027
brown rice cooked,218,1.6,0.3,0.7,0.086
beef flavored rice cooked,319,7.9,2.1,0.0,0.9
white rice cooked,205,0.4,0.1,0.015,0.077
chicken flavored rice cooked,317,8.0,1.7,1.5,0.9
white rice raw,675,1.2,0.3,0.2,0.081
cheese imitation,441,36.2,6.6,1.1,0.8
cheshire cheese,110,8.7,5.5,0.0,0.2
monterey cheese,421,34.2,21.5,0.6,0.7
edam cheese,107,8.3,5.6,0.0,0.3
fontina cheese,420,33.6,20.7,1.7,0.9
monterey cheese low fat,350,24.4,15.9,0.6,0.6
colby cheese,445,36.3,22.8,0.6,0.7
american cheese,93,7.9,4.5,0.6,0.4
blue cheese,106,8.6,5.6,0.2,0.3
nectarine,66,0.5,0.066,11.8,0.0
kiwifruit gold,51,0.2,0.008,10.0,0.046
prickly pear raw,8,0.072,0.0,0.2,0.065
pineapple,45,0.1,0.074,8.9,0.099
rowan,253,4.6,0.6,32.1,0.083
muscadine grapes,3,0.056,0.0,0.0,0.024
heidelbeeren jutro,17,0.2,0.039,0.0,0.0
prunes stewed,316,0.7,0.085,0.0,0.039
tangerine,40,0.2,0.07,8.0,0.056
prunes,237,0.5,0.057,0.0,0.076
lemon peel,1,0.002,0.057,0.054,0.028
banana,134,0.5,0.2,18.3,0.055
raspberries,5,0.034,0.005,0.4,0.054
apricot,17,0.1,0.03,3.2,0.02
strawberry guava,4,0.008,0.039,0.0,0.059
kiwifruit green,42,0.4,0.095,6.2,0.096
figs,37,0.2,0.068,8.1,0.049
clementine,35,0.1,0.0,6.8,0.044
orange,86,0.2,0.008,17.2,0.0
bartlett pear,112,0.3,0.0,17.2,0.047
red white currants,63,0.2,0.043,8.3,0.056
blueberries,84,0.5,0.047,14.7,0.015
mulberries,6,0.049,0.004,1.2,0.021
java plum,2,0.029,0.0,0.0,0.063
prune puree,46,0.02,0.038,7.0,0.036
applesauce,102,0.2,0.028,22.9,0.031
blackberries raw,62,0.7,0.076,7.0,0.05
plum,30,0.2,0.062,6.5,0.0
american grapes,2,0.087,0.029,0.4,0.056
peach,59,0.4,0.034,12.6,0.0
honeydew melon,64,0.2,0.055,14.4,0.062
yellow plantain fried,399,12.7,3.1,36.8,0.079
rose hips,206,0.4,0.0,3.3,0.035
lemons,17,0.2,0.063,1.5,0.045
lime,20,0.1,0.087,1.1,0.082
pomegranate,117,1.6,0.2,19.3,0.042
gooseberries,66,0.9,0.001,0.0,0.074
asian pear,51,0.3,0.009,8.6,0.0
abiyuch,157,0.2,0.065,19.5,0.093
horned melon kiwano,92,2.6,0.0,0.0,0.095
fruit walnut salad mcdonalds,312,13.3,1.8,32.9,0.017
grapefruit,53,0.2,0.092,8.6,0.0
japanese persimmon,118,0.3,0.089,21.1,0.067
wild raspberries,81,0.4,0.0,7.2,0.09
pink lady apple,18,0.1,0.0,0.0,0.0
maraschino cherries,8,0.083,0.06,1.9,0.072
black currants,71,0.5,0.019,0.0,0.075
plantain cooked,179,0.3,0.1,21.6,0.079
crab apple,84,0.3,0.064,0.0,0.03
pom potes materne,19,0.2,0.2,0.068,0.0
apple,95,0.3,0.043,18.9,0.062
cantaloupe melon,60,0.3,0.071,13.9,0.087
prickly pear cooked,7,0.043,0.0,0.0,0.0
guava,37,0.5,0.1,4.9,0.056
strawberries,4,0.069,0.057,0.6,0.068
japanese persimmon dried,93,0.2,0.0,0.0,0.002
watermelon,86,0.4,0.026,17.7,0.043
elderberries,106,0.7,0.005,0.0,0.042
kumquat,13,0.2,0.063,1.8,0.018
orange peel,6,0.017,0.046,0.0,0.023
pokeberry shoots cooked,33,0.7,0.0,2.6,0.4
breadfruit,227,0.5,0.1,24.2,0.057
pear,101,0.2,0.019,17.4,0.07
sour cherries,52,0.3,0.069,8.7,0.071
plantain raw,218,0.6,0.3,31.3,0.082
blackberries frozen,97,0.6,0.017,16.1,0.007
cherries,5,0.056,0.053,1.0,0.0
plantain fried,16,0.6,0.2,0.2,0.065
carambola starfruit,26,0.3,0.077,3.4,0.047
chayote cooked,35,0.8,0.1,0.0,0.4
apple dippers mcdonalds,33,0.0,0.0,6.3,0.0
white grapefruit,78,0.2,0.072,17.3,0.0
cherimoya,176,1.6,0.5,30.2,0.061
melon balls,57,0.4,0.1,0.0,0.022
golden delicious apple,62,0.2,0.0,10.9,0.034
pokeberry shoots raw,37,0.6,0.0,0.0,0.05
cranberries,21,0.014,0.089,1.9,0.03
quince,52,0.012,0.049,0.0,0.081
chayote raw,25,0.2,0.027,2.2,0.094
orange with peel,100,0.5,0.036,0.0,0.028
chokecherries,249,2.6,0.0,14.4,0.078
mango,202,1.3,0.3,45.9,0.027
wild plum,147,0.3,0.0,17.1,0.047
jeijoa,148,1.0,0.3,19.9,0.041
groundcherries,74,1.0,0.0,0.0,0.0
pesca,30,0.1,6.1,0.0,0.0
persimmon,32,0.1,0.0,0.0,0.024
grapes,3,0.044,0.041,0.8,0.009
rambutan canned,175,0.4,0.0,0.0,0.051
figs canned,14,0.039,0.066,3.2,0.049
prunes canned,246,0.5,0.072,0.0,0.044
pineapples canned,28,0.05,0.079,6.8,0.06
prune plums canned,27,0.075,0.006,6.5,0.055
tangerines canned,92,0.1,0.087,22.1,0.022
fruit cocktail canned,109,0.053,0.03,25.7,0.059
sour cherries canned,189,0.3,0.007,0.0,0.073
mangosteen canned,143,1.1,0.0,0.0,0.024
apricot juice,117,0.07,0.008,26.2,0.024
strawberries canned,234,0.7,0.064,55.4,0.024
peach canned,110,0.094,0.03,25.7,0.006
fruit salad canned,125,0.008,0.08,0.0,0.069
gooseberries canned,184,0.5,0.004,0.0,0.097
grapefruit canned,88,0.2,0.09,21.4,0.091
pear canned,38,0.001,0.099,7.4,0.088
raspberries canned,233,0.3,0.081,51.4,0.013
papaya canned,80,0.2,0.1,20.4,0.075
grapes canned,98,0.3,0.034,23.8,0.022
apple dried,145,0.2,0.088,34.0,0.024
peach dried,199,0.6,0.055,43.8,0.059
plantain chips,150,8.4,2.4,0.3,0.039
golden raisins,498,0.8,0.2,97.7,0.001
raisins seeded,488,0.9,0.3,0.0,0.098
zante currants dried,408,0.4,0.009,96.9,0.067
pear dried,94,0.2,0.003,22.4,0.074
raisins,90,0.056,0.005,19.6,0.025
prune plums dried,308,0.5,0.01,0.0,0.011
cranberries dried,370,1.6,0.1,78.0,0.037
figs dried,21,0.008,0.014,4.0,0.091
longans dried,5,0.091,0.0,0.0,0.018
banana chips,147,9.5,8.2,10.0,0.099
lychee dried,7,0.003,0.076,1.7,0.049
apricot dried,17,0.015,0.02,3.7,0.066
longan,2,0.076,0.0,0.0,0.0
mamey sapote,217,0.8,0.3,35.2,0.008
waxgourd cooked,19,0.4,0.026,2.1,0.6
jackfruit,33,0.2,0.071,6.7,0.094
loquats,9,0.071,0.085,0.0,0.053
mammy apple mamey,431,4.2,1.2,0.0,0.1
nance,82,1.3,0.0,9.3,0.039
coconut whole coconut,3336,71.5,672.0,0.0,0.0
prickly pear,42,0.5,0.014,0.0,0.044
lychee,6,0.016,0.06,1.5,0.029
naranjilla lulo pulp,30,0.3,0.0,4.5,0.044
coconut meat dried,187,18.3,16.2,2.1,0.058
waxgourd raw,17,0.3,0.036,0.0,0.1
surinam cherry pitanga,2,0.059,0.0,0.0,0.1
passion fruit,17,0.1,0.098,2.0,0.072
sapodilla,141,1.9,0.3,0.0,0.08
pummelo,48,0.06,0.0,0.0,0.094
coconut meat,1405,133.0,117.9,24.7,0.022
soursop,149,0.7,0.1,30.5,0.024
papaya,62,0.4,0.1,11.3,0.004
acerola cherry,2,0.052,0.074,0.0,0.088
ohelo berries,39,0.3,0.0,0.0,0.068
loganberries,81,0.5,0.053,11.3,0.06
casaba melon,48,0.2,0.012,9.7,0.057
durian,51,1.9,0.0,0.0,0.079
coriander leaves raw,4,0.086,0.044,0.1,0.005
garden cress raw,3,0.062,0.052,0.4,0.079
pasilla peppers dried,24,1.1,0.0,0.0,0.063
parsley dried,1,0.096,0.064,0.073,0.058
ancho pepper dried,48,1.4,0.1,0.0,0.068
coriander seeds,5,0.3,0.049,0.0,0.095
dill weed dried,253,4.4,0.2,0.0,0.2
borage,19,0.6,0.2,0.0,0.023
epazote,0,0.06,0.0,0.0,0.021
chives dried,1,0.055,0.051,0.0,0.04
thyme fresh,1,0.068,0.07,0.0,0.017
butterbur,4,0.2,0.0,0.0,0.053
wasabi root,142,0.8,0.0,0.0,0.02
rosemary dried,4,0.2,0.083,0.0,0.048
ginger root,2,0.028,0.048,0.019,0.0
white pepper,7,0.0,0.002,0.0,0.075
cloves ground,6,0.3,0.017,0.028,0.0
paprika,19,0.9,0.1,0.7,0.061
mace ground,25,1.7,0.5,0.0,0.097
bay leaf,2,0.042,0.08,0.0,0.084
eppaw,150,1.8,0.0,0.0,0.015
tarragon dried,2,0.047,0.01,0.0,0.012
ginger ground,6,0.043,0.088,0.067,0.038
savory ground,4,0.029,0.085,0.0,0.055
black pepper,6,0.006,0.034,0.08,0.036
spearmint fresh,3,0.089,0.049,0.0,0.092
poultry seasoning,14,0.3,0.1,0.1,0.063
nutmeg ground,12,0.8,0.6,0.6,0.095
curry powder,20,0.9,0.1,0.2,0.004
peppermint,1,0.004,0.016,0.0,0.007
salt,0,0.0,0.0,0.0,7.0
coriander leaves dried,2,0.098,0.099,0.045,0.018
sage ground,2,0.046,0.07,0.052,0.083
garlic powder,10,0.029,0.003,0.068,0.082
dill weed fresh,4,0.063,0.064,0.0,0.017
cardamom,6,0.1,0.065,0.0,0.013
saffron,2,0.092,0.047,0.0,0.063
allspice ground,5,0.2,0.034,0.0,0.001
parsley fresh,1,0.078,0.016,0.001,0.056
oregano dried,265,4.3,1.6,4.1,0.009
marjoram dried,5,0.1,0.056,0.077,0.004
chives raw,1,0.088,0.083,0.02,0.099
fireweed leaves,24,0.6,0.0,0.0,0.035
rosemary fresh,1,0.1,0.016,0.0,0.039
garlic,4,0.026,0.033,0.043,0.018
cinnamon ground,6,0.044,0.074,0.066,0.022
chervil dried,5,0.002,0.066,0.0,0.076
cayenne pepper,1,0.094,0.043,0.089,0.059
turmeric ground,8,0.2,0.093,0.062,0.064
mustard,3,0.2,0.021,0.048,0.015
chili powder,8,0.4,0.061,0.2,0.014
thyme dried,276,7.4,2.7,1.7,0.016
spearmint dried,1,0.018,0.09,0.0,0.012
basil dried,2,0.027,0.02,0.054,0.089
dandelion greens cooked,35,0.6,0.0,1.7,0.3
basil fresh,2,0.089,0.069,0.064,0.058
dock,29,0.9,0.0,0.0,0.025
garden cress cooked,31,0.8,0.001,4.2,0.3
onion powder,8,0.024,0.068,0.2,0.048
dandelion greens raw,25,0.4,0.012,0.4,0.043
yokan,36,0.022,0.064,0.0,0.05
fava beans cooked,187,0.7,0.1,3.1,0.081
french beans raw,631,3.7,0.4,0.0,0.069
chickpeas canned,352,7.0,0.5,0.0,0.6
yellow beans cooked,255,1.9,0.5,0.0,0.086
mung beans cooked,212,0.8,0.2,4.0,0.083
white beans canned,299,0.8,0.2,0.8,0.079
pink beans cooked,252,0.8,0.2,0.6,0.075
pink beans raw,720,2.4,0.6,4.5,0.057
navy beans raw,701,3.1,0.4,8.1,0.059
snap beans cooked,44,0.4,0.005,1.9,0.086
black eyed cowpeas raw,131,0.5,0.1,4.4,0.048
edamame cooked,189,8.1,1.0,3.4,0.034
black eyed cowpeas cooked,160,0.6,0.2,5.3,0.036
hyacinth beans cooked,227,1.1,0.2,0.0,0.0
cowpeas canned,185,1.3,0.3,0.0,0.7
pinto beans cooked,245,1.1,0.2,0.6,0.085
winged beans cooked,253,10.0,1.4,0.0,0.4
pinto beans raw,670,2.4,0.5,4.1,0.036
black turtle beans raw,624,1.7,0.4,3.9,0.041
fava beans raw,512,2.3,0.4,8.6,0.1
lima beans canned,190,0.4,0.095,0.0,0.8
hyacinth beans raw,722,3.5,0.6,0.0,0.073
white beans raw,673,1.7,0.4,4.3,0.051
snap beans canned,66,0.4,0.1,0.0,0.09
navy beans canned,296,1.1,0.3,0.7,1.2
mung beans raw,718,2.4,0.7,13.7,0.085
adzuki beans raw,648,1.0,0.4,0.0,0.06
black turtle beans cooked,241,0.6,0.2,0.6,0.06
pink lentils raw,662,4.2,0.7,0.0,0.092
yellow beans raw,676,5.1,1.3,0.0,0.046
white beans cooked,249,0.6,0.2,0.6,0.045
lentils raw,678,2.0,0.3,3.9,0.039
cranberry beans cooked,241,0.8,0.2,0.0,0.4
chickpeas raw,728,12.1,1.3,21.4,0.005
lentils cooked,230,0.8,0.1,3.6,0.016
baked beans canned,239,0.9,0.2,20.2,0.9
cranberry beans canned,216,0.7,0.2,0.0,0.9
black beans cooked,227,0.9,0.2,0.0,0.008
lima beans cooked,216,0.7,0.2,5.5,0.012
mungo beans raw,706,3.4,0.2,0.0,0.004
pigeon peas raw,703,3.1,0.7,0.0,0.04
fava beans canned,182,0.6,0.092,0.0,1.2
yellow snap beans raw,31,0.1,0.097,0.0,0.085
snap beans raw,31,0.2,0.051,3.3,0.025
yellow snap beans canned,36,0.2,0.076,0.0,0.6
pigeon peas cooked,203,0.6,0.1,0.0,0.036
catjang cowpeas raw,573,3.5,0.9,0.0,0.07
navy beans cooked,255,1.1,0.2,0.7,0.4
mothbeans raw,672,3.2,0.7,0.0,0.001
cowpeas cooked,81,0.4,0.037,2.3,0.037
mothbeans cooked,207,1.0,0.2,0.0,0.086
french beans cooked,228,1.3,0.1,0.0,0.003
lima beans raw,602,1.2,0.3,15.1,0.078
winged beans raw,744,29.7,4.2,0.0,0.09
adzuki beans cooked,294,0.2,0.067,0.0,0.079
black beans raw,662,2.8,0.7,4.1,0.065
catjang cowpeas cooked,200,1.2,0.3,0.0,0.021
baby lima beans cooked,189,0.5,0.1,2.5,0.064
cowpeas raw,41,0.3,0.082,4.7,0.026
shellie beans canned,74,0.5,0.034,1.5,0.8
yardlong beans raw,579,2.2,0.6,0.0,0.057
pinto beans canned,197,1.3,0.3,2.4,0.6
chickpeas cooked,269,4.2,0.4,7.9,0.08
cranberry beans raw,653,2.4,0.6,0.0,0.014
mungo beans cooked,189,1.0,0.065,3.6,0.083
tamarinds,5,0.013,0.023,0.8,0.007
yellow snap beans cooked,44,0.4,0.037,4.5,0.096
yardlong beans cooked,202,0.8,0.2,0.0,0.059
bacon beef steak,146,12.5,4.5,0.2,0.4
lamb foreshank raw,912,60.7,26.4,0.0,0.3
bacon,106,10.2,0.0,0.2,0.1
lamb rib cooked,915,76.0,32.6,0.0,0.2
lamb shank raw,912,61.2,26.3,0.0,0.3
scrapple,60,3.9,1.3,0.063,0.1
chicken nuggets,61,4.1,0.7,0.039,0.1
ground lamb cooked,886,61.5,25.4,0.0,0.3
lamb meat cooked,678,45.0,18.6,0.0,0.2
meat extender,275,2.6,0.4,0.0,0.041
lamb leg raw,1043,77.4,33.7,0.0,0.3
lamb loin cooked,202,14.8,6.3,0.0,0.089
chicken patty,172,11.7,2.2,0.0,0.3
lamb shank roasted,605,33.5,13.7,0.0,0.2
barbecue loaf,40,2.0,0.7,0.0,0.3
lamb sirloin cooked,765,54.2,22.9,0.0,0.2
poultry salad,26,1.8,0.4,0.0,0.079
ground lamb raw,80,6.6,2.9,0.0,0.05
lamb loin raw,88,7.5,3.3,0.0,0.003
lamb sirloin raw,1234,100.3,44.1,0.0,0.3
sausage patty mcdonalds,115,11.2,3.6,0.1,0.2
lamb foreshank cooked,360,19.9,8.3,0.0,0.1
ham salad,97,7.0,2.3,0.0,0.5
lamb rib raw,1687,156.0,68.8,0.0,0.3
lamb shoulder raw,1198,97.3,42.1,0.0,0.3
lamb meat raw,1102,84.6,36.6,0.0,0.3
lamb shoulder cooked,750,53.5,22.5,0.0,0.2
mutton cooked,66,3.1,1.5,0.0,0.07
lamb leg cooked,684,43.7,18.3,0.0,0.2
beef stick,110,9.9,4.2,0.0,0.3
veal sirloin cooked,517,26.9,10.6,0.0,0.2
veal rib cooked,444,22.2,8.8,0.0,0.2
veal meat cooked,483,23.8,8.9,0.0,0.2
beef rib roasted,238,19.1,7.7,0.0,0.01
veal sirloin raw,689,35.4,15.2,0.0,0.3
beef top loin filet grilled,323,19.0,6.5,0.0,0.1
beef under blade steak cooked,983,46.7,17.9,0.0,0.3
mock tender steak raw,244,8.3,3.6,0.0,0.2
ground beef cooked,375,24.8,10.0,0.0,0.1
ground beef raw,1506,136.1,51.2,0.0,0.3
beef diced asda,48,0.7,0.3,0.054,0.0
veal rib raw,735,40.9,16.8,0.0,0.4
ground veal raw,41,1.9,0.8,0.0,0.029
t bone steak cooked,1049,74.1,30.3,0.0,0.2
veal leg round raw,531,14.0,5.4,0.0,0.3
beef top sirloin steak raw,1222,77.3,31.2,0.0,0.3
beef plate steak grilled,508,35.6,12.9,0.0,0.1
ground veal cooked,514,22.6,9.1,0.0,0.2
veal leg round cooked,574,17.2,6.9,0.0,0.2
porterhouse steak raw,1170,91.1,36.4,0.0,0.2
veal shank raw,513,15.8,4.8,0.0,0.4
veal breast cooked,753,47.5,18.5,0.0,0.2
corned beef canned,53,3.1,1.3,0.0,0.2
rib eye steak grilled,680,47.7,21.2,0.0,0.1
veal shoulder raw,0,0.0,0.0,0.0,0.0
t bone steak raw,1052,76.3,30.4,0.0,0.2
sirloin steak,324,14.1,5.2,0.0,0.6
mock tender steak cooked,137,4.9,1.5,0.0,0.028
beef round steak cooked,385,12.1,4.3,0.0,0.011
chuck blade roast raw,1125,88.0,35.5,0.0,0.3
beef shoulder steak raw,349,17.3,7.5,0.0,0.2
beef top blade cooked,184,10.0,3.3,0.0,0.002
corned beef cooked,53,4.0,1.3,0.0,0.2
beef round steak raw,753,36.0,14.2,0.0,0.3
beef shoulder steak grilled,155,5.8,2.5,0.0,0.014
chuck eye steak raw,856,62.8,26.7,0.0,0.3
beef bottom round steak cooked,980,35.1,12.1,0.0,0.2
porterhouse steak cooked,235,16.4,6.2,0.0,0.085
beef under blade steak raw,1235,80.8,32.6,0.0,0.3
beef plate steak raw,617,46.8,19.0,0.0,0.2
beef meat canned,111,7.9,3.9,0.0,0.095
beef breakfast strips raw,92,8.8,3.6,0.0,0.2
beef brisket cooked,589,43.6,16.8,0.0,0.1
corned beef raw,898,67.6,21.5,0.0,5.5
beef mince meat asda,55,3.1,1.3,0.054,0.0
pastrami beef fat free,9,0.1,0.0,0.0,0.005
rib eye steak raw,743,54.5,24.0,0.0,0.2
beef tenderloin steak cooked,374,24.0,9.4,0.0,0.061
chuck blade roast cooked,842,62.0,24.7,0.0,0.2
cured beef dried,4,0.019,0.086,0.006,0.049
beef flank steak cooked,380,17.5,7.2,0.0,0.068
chuck eye steak grilled,853,60.5,26.7,0.0,0.2
veal meat raw,653,30.7,12.7,0.0,0.4
veal loin cooked,80,4.9,1.9,0.0,0.001
veal loin raw,46,2.6,1.1,0.0,0.079
veal shoulder cooked,435,19.4,7.2,0.0,0.2
beef tenderloin steak raw,405,29.8,12.0,0.0,0.032
veal shank cooked,371,12.0,4.0,0.0,0.2
beef brisket raw,1139,86.5,34.2,0.0,0.3
pastrami beef,104,4.1,1.9,0.08,0.8
beef flank steak raw,47,2.3,1.0,0.0,0.054
beef top sirloin steak cooked,430,25.2,9.9,0.0,0.055
veal breast raw,943,66.9,26.7,0.0,0.3
beef rib raw,1433,123.8,51.2,0.0,0.2
beef jerky,82,5.1,2.2,1.8,0.4
beef breakfast strips cooked,51,3.9,1.6,0.0,0.3
pork olive loaf,66,4.6,1.6,0.0,0.3
beef luncheon meat jellied,31,0.9,0.4,0.0,0.4
turkey pastrami,38,1.8,0.5,1.0,0.3
pork salami,41,3.4,1.2,0.0,0.2
canadian style bacon raw,45,2.0,0.6,0.0,0.3
honey loaf,85,3.6,1.3,2.6,0.4
pork beef salami,37,3.1,1.1,0.008,0.2
beef pork bologna,92,7.4,2.8,1.3,0.3
pork beef salami cooked,41,3.2,1.1,0.1,0.2
pork breakfast strips raw,88,8.4,2.9,0.0,0.2
pickle pimiento loaf,86,6.1,2.0,3.2,0.4
luxury loaf,39,1.3,0.4,0.0,0.3
mortadella,47,3.8,1.4,0.0,0.2
pork bologna,69,5.6,1.9,0.0,0.3
turkey salami cooked,9,0.5,0.1,0.063,0.023
pepperoni beef,10,0.9,0.3,0.0,0.09
peppered loaf,42,1.8,0.6,1.3,0.2
luncheon meat beef,10,0.3,0.1,0.0,0.1
lebanon bologna,98,6.0,1.6,0.0,0.8
chicken pork bologna,94,8.6,2.8,0.0,0.3
turkey roll,40,1.9,0.6,0.0,0.1
beef salami cooked,68,5.8,2.6,0.4,0.3
yachtwurst cooked,150,12.7,4.4,0.0,0.5
italian salami,43,3.7,1.3,0.1,0.2
turkey ham,38,1.6,0.1,0.1,0.3
turkey bologna,59,4.5,1.2,0.8,0.3
sliced turkey breast,17,0.6,0.1,0.1,0.1
luncheon meat pork beef,99,9.0,3.2,0.0,0.4
beef bologna,90,7.8,3.1,0.6,0.3
turkey bacon cooked,313,22.9,6.8,0.0,1.9
ground emu cooked,178,5.1,1.4,0.0,0.025
ostrich leg raw,94,1.5,0.5,0.0,0.067
ostrich strip raw,108,2.4,0.8,0.0,0.086
emu fillet cooked,607,9.1,2.3,0.0,0.2
ostrich tenderloin raw,105,2.7,1.0,0.0,0.005
emu drums cooked,649,8.4,2.7,0.0,0.5
green turtle raw,25,0.1,0.015,0.0,0.099
ground bison cooked,448,21.6,8.7,0.0,0.2
goat meat raw,494,10.5,3.2,0.0,0.4
ground emu raw,157,4.7,1.2,0.0,0.062
ground ostrich raw,180,9.5,2.4,0.0,0.021
ostrich tip cooked,123,2.2,0.9,0.0,0.086
caribou cooked,210,6.4,2.5,0.0,0.004
ground ostrich cooked,163,6.6,1.7,0.0,0.099
ostrich leg cooked,120,1.6,0.6,0.0,0.016
ostrich top loin cooked,132,3.3,1.1,0.0,0.029
ostrich strip cooked,139,3.6,1.5,0.0,0.034
ostrich tip raw,97,2.0,0.7,0.0,0.041
ostrich round raw,99,2.0,0.7,0.0,0.074
ground bison raw,124,6.1,2.5,0.0,0.042
ostrich fan raw,99,2.3,0.8,0.0,0.04
ostrich top loin raw,101,2.5,1.0,0.0,0.073
veal brain cooked,461,32.6,7.4,0.0,0.5
veal tongue cooked,515,25.8,11.1,0.0,0.2
beef heart cooked,47,1.3,0.4,0.0,0.024
turkey liver cooked,100,4.3,1.2,0.0,0.083
veal thymus cooked,35,0.9,0.3,0.0,0.036
beef brain cooked,688,55.6,13.1,0.0,0.6
beef pancreas cooked,602,38.2,13.1,0.0,0.1
beef tripe cooked,80,3.4,1.2,0.0,0.045
chicken gizzard cooked,223,3.9,1.0,0.0,0.069
pork pancreas cooked,537,26.5,9.1,0.0,0.1
beef tongue cooked,80,6.3,2.3,0.0,0.029
lamb heart cooked,353,15.1,6.0,0.0,0.1
beef spleen cooked,447,12.9,4.3,0.0,0.2
veal kidneys cooked,300,10.4,3.2,0.0,0.2
chicken heart cooked,268,11.5,3.3,0.0,0.081
lamb tongue cooked,701,51.7,20.0,0.0,0.2
veal heart cooked,368,13.4,3.6,0.0,0.1
chicken liver cooked,76,2.8,0.9,0.0,0.079
lamb pancreas cooked,541,34.9,15.8,0.0,0.1
veal spleen cooked,445,10.0,3.3,0.0,0.2
lamb liver cooked,739,29.6,11.5,0.0,0.2
turkey gizzard cooked,70,2.1,0.5,0.0,0.031
lamp spleen cooked,460,14.1,4.7,0.0,0.2
turkey heart cooked,35,1.5,0.4,0.0,0.046
beef liver cooked,130,3.6,1.2,0.0,0.068
lamb lungs cooked,431,11.8,4.0,0.0,0.3
pork brain cooked,527,36.3,8.2,0.0,0.3
goose liver,125,4.0,1.5,0.0,0.1
pork kidneys cooked,211,6.6,2.1,0.0,0.1
lamb brain cooked,503,35.3,9.0,0.0,0.5
pork heart cooked,215,7.3,1.9,0.0,0.053
lamb kidneys cooked,349,9.2,3.1,0.0,0.4
beef lungs cooked,364,11.2,3.8,0.0,0.3
veal pancreas cooked,614,35.0,12.0,0.0,0.2
pork liver cooked,584,15.6,5.0,0.0,0.2
beef kidneys cooked,45,1.3,0.3,0.0,0.029
turkey giblets cooked,164,6.3,1.6,0.0,0.1
duck liver raw,60,2.0,0.6,0.0,0.089
veal liver cooked,154,5.0,1.6,0.0,0.046
pork lungs cooked,297,9.3,3.3,0.0,0.2
veal lungs cooked,312,7.9,2.7,0.0,0.2
beef thymus cooked,1215,95.2,32.8,0.0,0.4
ham,46,2.5,0.1,0.3,0.2
pork meat cooked,283,14.1,4.4,0.0,0.7
bacon roasted,43,3.3,1.1,0.0,0.034
pork top loin roasts raw,3644,182.8,35.1,0.0,1.0
pork blade roll raw,76,6.2,2.2,0.0,0.4
pork backribs raw,2399,174.9,61.9,0.0,0.9
pork spareribs cooked,703,53.6,19.7,0.0,0.2
pork stomach cooked,44,2.1,0.8,0.0,0.035
honey smoked ham cooked,67,1.3,0.6,0.0,0.5
boston butt steak raw,844,56.1,19.7,0.0,0.3
pork sirloin chops cooked,140,4.5,1.5,0.0,0.001
pork country style ribs raw,242,15.1,3.0,0.0,0.061
ham patties,205,18.3,6.6,0.0,0.7
pork feet cooked,67,4.5,1.2,0.0,0.046
ground pork cooked,930,65.0,24.2,0.0,0.2
pork centre loin chops cooked,328,17.4,5.5,0.0,0.065
pork leg cap steak cooked,307,8.6,2.6,0.0,0.1
pork blade chops raw,376,15.4,5.2,0.0,0.2
pork tenderloin raw,606,17.8,6.0,0.0,0.3
pork sirloin chops raw,1090,23.3,8.2,0.0,0.6
pork leg cap steak raw,284,7.8,2.7,0.0,0.2
pork carcass raw,1706,159.1,56.4,0.0,0.2
pork splean cooked,446,9.6,3.2,0.0,0.3
chopped ham,50,2.9,1.0,0.0,0.3
pork centre loin chops raw,338,18.0,6.0,0.0,0.1
pork blade chops cooked,265,14.6,4.3,0.0,0.072
boston butt steak cooked,494,32.7,12.2,0.0,0.1
pork meat raw,179,18.6,6.2,0.0,0.021
pork top loin chops raw,287,12.8,4.5,0.0,0.099
pork blade steak braised,694,44.7,16.6,0.0,0.4
pork boston steaks cooked,438,28.1,10.1,0.0,0.1
bacon cooked,43,3.1,1.1,0.0,0.2
pickled pork hocks,48,3.0,0.9,0.0,0.3
pork boston roast cooked,705,49.4,18.3,0.0,0.2
canadian style bacon grilled,43,2.0,0.7,0.0,0.4
ham steak,70,2.4,0.8,0.0,0.7
pork backfat,3683,402.3,146.1,0.0,0.064
bacon baked,44,3.5,1.1,0.0,0.2
pork arm picnic raw,5298,343.4,113.6,0.0,2.3
salt pork raw,212,22.8,8.3,0.0,0.8
pork arm picnic cooked,5292,322.7,109.3,0.0,2.2
pork top loin chops cooked,270,11.2,4.3,0.0,0.064
ground pork raw,329,26.5,9.8,0.0,0.033
pork shoulder raw,1070,81.6,28.3,0.0,0.3
pork chitterlings cooked,66,5.8,2.7,0.0,0.078
pork breakfast strips cooked,52,4.1,1.4,0.0,0.2
pork blade roll roasted,1079,88.3,31.5,0.0,3.7
pork tail cooked,1089,98.5,34.2,0.0,0.093
pork centre rib roasts raw,275,9.7,3.3,0.0,0.1
pork centre rib roasts roasted,1942,114.9,42.6,0.0,0.7
minced ham,55,4.3,1.5,0.0,0.3
ham roasted,316,21.3,7.1,0.0,1.3
pork loin raw,232,14.7,5.1,0.0,0.003
pork backribs roasted,2564,188.9,68.5,0.0,0.8
pork belly raw,2350,240.5,87.7,0.0,0.1
ham raw,266,18.2,6.0,0.0,1.5
ham extra lean,45,2.3,0.8,0.0,0.4
pork feet pickled,635,45.5,13.4,0.0,4.3
pork shoulder cooked,394,28.9,10.6,0.0,0.001
pork top loin roasts roasted,1628,74.8,24.1,0.0,0.4
pork skin,154,8.9,3.2,0.0,0.5
pork country style ribs cooked,235,15.2,5.4,0.0,0.049
pork blade steak raw,664,43.7,15.4,0.0,0.6
pork tenderloin cooked,153,6.2,2.2,0.0,0.091
pork loin cooked,213,12.1,4.5,0.0,0.077
pork ears cooked,184,12.0,4.3,0.0,0.2
pork tongue cooked,626,43.0,14.9,0.0,0.3
pork spareribs raw,3593,303.5,97.7,0.0,1.1
ham patties grilled,205,18.5,6.7,0.0,0.6
chicken skin roasted,508,45.6,12.8,0.0,0.028
turkey breast raw,3554,158.9,43.2,0.0,1.3
ground turkey raw,169,8.7,2.3,0.0,0.047
chicken wing cooked,52,3.5,1.0,0.0,0.086
turkey roast roasted,209,7.8,2.6,0.0,0.9
pheasant meat raw,1448,74.3,21.6,0.0,0.3
chicken back raw,188,17.0,4.9,0.0,0.043
chicken back cooked,93,6.5,1.8,0.0,0.091
chicken leg fried,431,25.5,6.8,0.0,0.4
chicken feet cooked,975,66.2,17.8,0.0,0.3
turkey steak fried,179,10.8,2.8,0.0,0.5
turkey taco meat cooked,271,13.9,3.2,0.0,1.2
chicken leg raw,736,54.9,15.0,0.0,0.3
chicken meat raw,1978,138.6,39.7,0.0,0.6
chicken neck cooked,94,6.9,1.9,0.0,0.085
chicken drumstick fried,193,11.3,3.0,0.0,0.2
quail egg,14,1.0,0.3,0.048,0.042
duck meat cooked,472,39.7,13.5,0.0,0.041
chicken wing roasted,216,14.3,4.2,0.0,0.039
quail meat cooked,1028,63.9,17.9,0.0,0.2
goose meat cooked,427,30.7,9.6,0.0,0.089
chicken breast cooked,114,4.5,1.3,0.0,0.058
chicken neck raw,149,13.1,3.6,0.0,0.027
duck egg,130,9.6,2.6,0.7,0.1
pheasant breast raw,484,11.8,4.0,0.0,0.1
duck meat raw,5123,498.8,167.6,0.0,0.8
squab meat raw,585,47.4,16.8,0.0,0.1
chicken drumstick raw,211,12.4,3.3,0.0,0.1
turkey meat roasted,284,11.1,3.2,0.0,0.2
chicken breast raw,299,16.1,4.6,0.0,0.1
ground chicken cooked,474,27.4,7.8,0.0,0.2
turkey wing cooked,426,23.1,6.3,0.0,0.1
goose meat raw,6077,550.7,160.2,0.0,1.2
turkey breast roasted,3266,128.0,36.3,0.0,1.1
chicken fajita strips,13,0.5,0.2,0.0,0.044
crispy chicken strips tyson,145,6.0,7.7,0.0,0.0
chocolate pudding fat free,105,0.3,0.0,17.8,0.1
tapioca pudding,143,4.3,1.1,16.4,0.2
tapioca pudding fat free,105,0.4,0.1,15.9,0.2
rice pudding,122,2.4,1.4,13.1,0.1
corn pudding,328,12.6,6.3,16.5,0.7
chocolate pudding,213,6.9,1.9,25.8,0.2
lemon pudding,173,4.4,2.6,0.0,0.4
vanilla pudding,195,5.7,1.5,25.5,0.3
profeel proteiinirahka valio,140,0.4,0.2,0.2,0.0
cottage cheese creamed,20,0.9,0.3,0.5,0.095
zaziki milfina,51,4.4,1.6,0.0,0.0
cottage cheese low fat,163,2.3,1.5,6.1,0.9
cottage cheese nonfat,104,0.4,0.2,2.7,0.5
vanilla yogurt low fat,208,3.1,2.0,33.8,0.2
classique yogurt plain 2 liberte,30,1.2,0.7,1.7,0.0
yoplait light strawberry yogurt yoplait,79,0.0,14.1,0.0,0.0
vanilla yogurt,145,2.1,1.3,23.5,0.1
chocolate yogurt,168,0.0,0.0,22.5,0.2
yogurt parfait,125,1.5,0.8,17.4,0.048
yogurt,92,4.9,3.1,7.0,0.005
chocolate frozen yogurt,221,6.3,4.0,33.5,0.1
frozen yogurt,221,6.3,4.0,34.7,0.1
yogurt low fat,154,3.8,2.5,17.2,0.2
vanilla yoghurt oikos,120,1.8,24.0,0.0,0.0
fruit yogurt,149,1.7,1.1,28.0,0.013
danone low fat alsafi,88,1.7,1.0,255.0,0.0
fruit n yogurt parfait mcdonalds,156,1.9,0.044,19.1,0.065
triple zero greek yogurt dannon oikos,120,0.0,0.0,6.0,0.0
greek yogurt,100,0.7,0.2,5.5,0.081
chocolate rasberry protein mini proteinfx,102,2.9,1.8,0.0,0.0
gushers fruit gushers,360,6.0,80.0,0.0,0.0
egg fried,90,6.8,2.0,0.2,0.043
glucerna abbott,1010,35.6,2.8,49.8,0.0
sports drink,26,0.0,0.0,0.0,0.073
peanut butter cookie protein syntha 6,200,6.0,15.0,0.0,0.0
hanfprotein pulver rohkostqualitat veganz,107,3.1,0.3,0.057,0.0
smoothie high protein creamy chocolate slimfast,110,3.5,0.5,1.0,0.2
egg large,138,9.3,0.5,0.0,0.0
boysenberries frozen,66,0.3,0.049,9.1,0.064
malt beverage,88,0.3,0.005,19.1,0.02
chocolate powder for milk,88,0.5,0.5,18.0,0.012
vegetable fruit juice,9,0.017,0.0,0.6,0.043
cocoa powder unsweetened,12,0.7,0.4,0.087,0.062
coconut milk,35,3.6,3.2,0.5,0.001
cocoa powder,28,0.3,0.2,4.6,0.034
rice drink,113,2.3,0.0,12.7,0.058
coconut water,46,0.5,0.4,6.3,0.3
caramel med iced coffee dunkin donuts,268,9.0,41.0,0.0,0.0
instant coffee with water decaffeinated,4,0.0,0.024,0.0,0.093
instant coffee powder,353,0.5,0.2,0.0,0.051
instant coffee powder decaffeinated,6,0.069,0.015,0.0,0.09
instant cappuccino powder,53,0.7,0.4,9.0,0.074
coffee decaffeinated,0,0.0,0.087,0.0,0.058
espresso decaffeinated,3,0.011,0.037,0.0,0.011
instant coffee with water,4,0.0,0.051,0.0,0.015
coffee,2,0.069,0.011,0.0,0.075
espresso,3,0.086,0.068,0.0,0.083
whey protein powder vanilla eas,108,1.7,1.4,0.0,0.0
energy drink sugar free red bull,13,0.2,0.0,0.0,0.008
powerade coca cola,9,0.009,0.076,1.8,0.005
amp energy pepsi,110,0.2,0.0,29.0,0.093
gatorade g2 pepsi,2,0.052,0.0,0.4,0.011
amp energy sugar free pepsi,5,0.0,0.0,0.0,0.093
energy drink red bull,111,0.0,0.0,26.4,0.1
powerade zero ion4 coca cola,0,0.0,0.0,0.0,0.03
full throttle coca cola,110,0.2,0.0,29.0,0.071
passion fruit juice purple,148,0.4,0.064,35.2,0.084
pomegranate juice,134,0.7,0.2,31.5,0.089
cranberry apricot juice,157,0.0,0.0,0.0,0.007
pineapple juice,133,0.3,0.071,25.0,0.075
passion fruit juice yellow,126,0.1,0.008,33.1,0.003
orange apricot juice,128,0.3,0.001,30.2,0.096
tangerine juice,106,0.5,0.082,24.5,0.022
orange juice,90,0.4,0.079,16.8,0.067
grapefruit juice,96,0.2,0.011,0.0,0.061
pineapple grapefruit juice,118,0.3,0.077,28.8,0.054
tamarind nectar,143,0.3,0.0,31.9,0.046
apple juice,114,0.3,0.064,23.9,0.038
limeade,128,0.0,0.0,32.8,0.071
guava nectar,158,0.2,0.05,32.5,0.063
orange grapefruit juice,106,0.2,0.009,25.1,0.082
orange juice sainsburys,14,0.088,2.5,0.0,0.0
cranberry apple juice,154,0.3,0.066,35.5,0.061
pineapple orange juice,125,0.0,0.0,29.0,0.069
pear nectar,150,0.062,0.032,0.0,0.056
blackberry juice,95,1.5,0.095,19.3,0.072
lemon juice,54,0.6,0.06,6.1,0.046
cranberry grape juice,137,0.2,0.053,0.0,0.079
citrus fruit juice,114,0.057,0.088,20.2,0.051
prune juice,182,0.006,0.033,42.1,0.1
guanabana nectar,148,0.4,0.096,32.8,0.061
fruit juice,108,0.1,0.059,24.2,0.1
horchata,15,0.2,0.0,2.6,0.013
fruit punch,98,0.4,0.048,0.0,0.08
apricot nectar,139,0.2,0.07,34.2,0.025
orangensaft ja,86,0.0,0.0,0.024,0.0
fruchtcocktail granini,102,0.4,0.2,0.0,0.0
peach nectar,125,1.3,0.6,27.8,0.077
orange pineapple juice,15,0.08,0.056,3.1,0.044
cranberry juice,92,0.3,0.061,24.2,0.093
white grapefruit juice,96,0.2,0.083,22.5,0.018
mango nectar,128,0.2,0.04,31.2,0.061
acerola cherry juice,56,0.7,0.2,10.9,0.082
apple juice concentrate,350,0.8,0.1,81.9,0.049
papaya nectar,143,0.4,0.1,34.8,0.082
apple juice martinellis,122,0.0,0.0,0.0,0.0
lime juice,61,0.2,0.052,4.1,0.014
grape juice,152,0.3,0.06,35.9,0.003
water dannon,0,0.0,0.0,0.0,0.0
tap water,0,0.0,0.0,0.0,0.018
table water,0,0.0,0.0,0.0,0.044
fruit flavored water,52,0.0,0.0,13.0,0.0
water,0,0.0,0.0,0.0,0.024
cola light coca cola,0,0.0,0.0,0.0,0.087
lemon lime soda,151,0.0,0.0,37.6,0.024
tonic water,114,0.0,0.0,29.6,0.049
lemonade low calorie,7,0.0,0.0,0.0,0.013
ginger ale,68,0.0,0.0,17.4,0.043
ice tea lemon flavor nestle,88,0.0,0.0,22.3,0.063
sprite coca cola,80,0.063,0.0,18.0,0.021
cola coca cola,151,0.0,0.0,38.9,0.045
cola,74,0.07,0.0,17.9,0.072
cream soda,252,0.0,0.0,65.7,0.098
club soda,0,0.0,0.0,0.0,0.046
pink lemonade,86,0.3,0.079,20.6,0.01
grape soda,160,0.0,0.0,0.0,0.042
cola without caffeine coca cola,151,0.0,0.0,38.9,0.04
white lemonade,80,0.003,0.093,20.0,0.02
chocolate soda,207,0.0,0.0,52.6,0.031
sweet tea lipton,130,0.0,0.0,35.0,0.0
hibiscus tea,74,1.3,0.5,12.0,0.091
instant lemon tea,2,0.0,0.0,0.047,0.046
pesca tea santal,116,0.0,28.1,0.0,0.0
instant lemon tea sweetened,91,0.2,0.018,21.6,0.089
tea with milk and sugar yorkshire,15,0.5,0.3,0.0,0.0
tea blueberry muffin tekanne,4,0.2,0.2,0.007,0.0
chamomile tea,2,0.0,0.028,0.0,0.003
black tea,2,0.0,0.072,0.0,0.091
herb tea,2,0.0,0.014,0.0,0.064
clam tomato juice,80,0.3,0.0,5.5,0.6
tomato juice,41,0.7,0.043,6.3,0.063
vegetable juice,53,0.2,0.071,7.9,0.1
tomato vegetable juice,53,0.2,0.014,9.2,0.2
carrot juice,80,0.3,0.055,7.8,0.1
acorn dried,144,8.9,1.2,0.0,0.0
fenugreek seeds,36,0.7,0.2,0.0,0.09
peanut topping mcdonalds,181,15.0,2.4,1.2,0.0
beechnuts dried,173,15.0,1.7,0.0,0.068
breadnut tree seeds raw,61,0.3,0.089,0.0,0.084
cumin seeds,8,0.5,0.096,0.063,0.073
pili nuts dried,863,95.5,37.4,0.0,0.014
hazelnuts roasted,194,18.7,1.4,1.5,0.0
lupins cooked,193,4.8,0.6,0.0,0.4
hazelnuts blanched,178,17.3,1.3,1.0,0.0
brazilnuts dried,33,3.3,0.8,0.1,0.073
sunflower seeds dry roasted,47,4.0,0.4,0.2,0.067
ginkgo nuts canned,172,2.5,0.5,0.0,0.5
peanuts cooked,572,39.6,5.5,4.4,1.4
pumpkin squash seeds dried,721,63.3,11.2,1.8,0.013
cashew nuts raw,156,12.4,2.2,1.7,0.02
sunflower seeds dried,269,23.7,2.0,1.2,0.014
lotus seeds dried,106,0.6,0.1,0.0,0.024
butternuts dried,734,68.4,1.6,0.0,0.062
sesame seeds dried,52,4.5,0.6,0.031,0.049
breadfruit seeds,57,1.7,0.5,0.0,0.04
pinyon pine nuts dried,1,0.073,0.022,0.0,0.07
pine nuts dried,909,92.3,6.6,4.8,0.086
flaxseeds,55,4.3,0.4,0.2,0.035
safflower seed kernels dried,146,10.9,1.0,0.0,0.042
pistachio nuts raw,691,55.8,6.8,9.4,0.037
peanuts raw,828,71.9,10.0,5.8,0.038
poppy seeds,46,3.7,0.4,0.3,0.079
valencia peanuts raw,832,69.5,10.7,0.0,0.094
spanish peanuts,832,72.4,11.2,0.0,0.036
dill seeds,20,1.0,0.018,0.0,0.037
caraway seeds,22,1.0,0.03,0.038,0.014
acorn raw,110,6.8,0.9,0.0,0.0
almonds roasted,182,16.6,1.3,1.4,0.029
lotus seeds raw,25,0.1,0.097,0.0,0.02
chestnuts cooked,37,0.4,0.016,0.0,0.046
alfalfa seeds,1,0.075,0.029,0.058,0.048
virginia peanuts roasted,173,14.6,1.9,0.0,0.018
hazelnuts raw,471,45.6,3.3,3.3,0.0
anise seeds,7,0.3,0.06,0.0,0.1
macadamia nuts roasted,215,22.8,3.6,1.2,0.064
studentenfutter alnatura,139,7.8,0.9,11.7,0.0
pumpkin squash seeds roasted,46,3.9,0.7,0.1,0.045
water chestnut raw,120,0.1,0.039,6.0,0.097
chestnuts roasted,37,0.3,0.009,1.6,0.043
ginkgo nuts raw,52,0.5,0.029,0.0,0.067
almonds raw,9,0.7,0.04,0.026,0.043
peanuts roasted,180,15.8,2.6,1.3,0.069
sunflower seeds toasted,829,76.1,8.0,0.0,0.8
sisymbrium seeds,235,3.4,0.7,0.0,0.047
breadnut tree seeds dried,587,2.7,0.7,0.0,0.091
pecans raw,753,78.4,6.7,4.3,0.0
chia seeds dried,138,8.7,0.9,0.0,0.047
japanese chestnuts roasted,57,0.2,0.08,0.0,0.079
sesame seeds toasted,45,3.8,0.5,0.0,0.07
cashew nuts roasted,174,14.3,2.5,1.5,0.091
lupins raw,668,17.5,2.1,0.0,0.009
mustard seeds ground,10,0.7,0.012,0.1,0.017
mixed nuts roasted,178,15.4,2.0,1.4,0.1
salat mix alestro,61,5.2,0.9,0.0,0.0
chestnuts raw,309,3.3,0.6,0.0,0.02
pistachio nuts roasted,172,13.7,1.7,2.3,0.008
walnut,33,3.3,0.3,0.1,0.041
celery seeds,25,1.6,0.1,0.078,0.068
hickorynuts dried,788,77.2,8.4,0.0,0.053
spanish peanuts roasted,851,72.1,11.1,0.0,0.6
woca seeds dried,102,0.3,0.025,0.1,0.048
pecans roasted,215,22.6,2.2,1.2,0.062
fennel seeds,7,0.3,0.008,0.0,0.097
chinese chestnuts roasted,68,0.3,0.027,0.0,0.052
watermelon seed kernels dried,602,51.2,10.6,0.0,0.1
macadamia nuts raw,38,4.0,0.6,0.2,0.011
pectin,163,0.2,0.052,0.0,0.1
black walnut dried,31,3.0,0.2,0.018,0.028
water chestnut canned,70,0.015,0.05,3.4,0.011
ginkgo nuts dried,98,0.6,0.1,0.0,0.045
virginia peanuts raw,822,71.2,9.3,5.8,0.008
valencia peanuts roasted,177,15.4,2.4,0.0,0.004
nesfit diet cereal nestle,75,0.0,14.5,0.0,0.0
corn grits cooked,182,1.2,0.2,0.3,0.6
amaranth flakes,134,2.7,0.5,0.2,0.067
granola,293,14.6,2.4,11.9,0.01
muesli with fruit nuts,231,3.4,0.5,14.2,0.1
muesli master crumble,124,2.4,1.0,0.042,0.0
bran flakes,131,0.8,0.2,7.4,0.2
nut cereal,245,5.9,1.0,17.2,0.3
corn flakes,108,0.3,0.098,2.2,0.2
corn grits dry,36,0.2,0.022,0.008,0.054
margarine with yoghurt,88,9.8,1.9,0.0,0.018
sunflower seed butter,99,8.8,0.7,1.7,0.065
hazelnut oil,120,13.6,1.0,0.0,0.0
menhaden fish oil,1966,218.0,66.3,0.0,0.0
cod liver fish oil,123,13.6,3.1,0.0,0.0
sardine oil,123,13.6,4.1,0.0,0.0
cupu assu oil,120,13.6,7.2,0.0,0.0
lard,115,12.8,5.0,0.0,0.0
sesame butter,94,8.1,1.1,0.0,0.031
margarine spread,59,6.7,1.2,0.0,0.019
lard vegetable oil,115,12.8,5.2,0.0,0.0
shortening,113,12.8,3.2,0.0,0.0
vegetable oil spread,75,8.4,1.7,0.0,0.081
cottonseed oil,120,13.6,3.5,0.0,0.0
vegetable oil spread fat free,6,0.5,0.015,0.0,0.1
soy margarine,88,9.9,3.2,0.0,0.1
margarine with salt,100,11.3,2.1,0.0,0.1
margarine,102,11.5,2.2,0.0,0.091
salmon fish oil,123,13.6,2.7,0.0,0.0
nutmeg butter oil,1927,218.0,196.2,0.0,0.0
almond butter,98,8.9,0.7,0.7,0.037
sour cream shoprite,60,5.0,3.5,0.014,0.0
ucuhuba butter oil,120,13.6,11.6,0.0,0.0
chicken fat,115,12.8,3.8,0.0,0.0
herring fish oil,123,13.6,2.9,0.0,0.0
bacon grease,39,4.3,1.7,0.0,0.009
turkey fat,45,5.0,1.5,0.0,0.0
beef tallow,115,12.8,6.4,0.0,0.0
goose fat,45,5.0,1.4,0.0,0.0
duck fat,44,5.0,1.7,0.0,0.0
mutton tallow,45,5.0,2.4,0.0,0.0
grapeseed oil,120,13.6,1.3,0.0,0.0
sheanut oil,1927,218.0,101.6,0.0,0.0
almond oil,120,13.6,1.1,0.0,0.0
sunflower oil,120,13.6,1.2,0.0,0.0
cashew butter,94,7.9,1.6,0.8,0.071
canola oil,124,14.0,1.0,0.0,0.0
babassu oil,1927,218.0,177.0,0.0,0.0
teaseed oil,120,13.6,2.9,0.0,0.0
avocado oil,124,14.0,1.6,0.0,0.0
vegetable palm kernel oil,117,13.6,11.1,0.0,0.0
coconut oil,117,13.6,11.2,0.0,0.0
safflower oil,120,13.6,1.0,0.0,0.0
vegetable oil,120,13.6,2.1,0.0,0.0
apricot kernel oil,40,4.5,0.3,0.0,0.0
peanut oil,119,13.5,2.3,0.0,0.0
poppyseed oil,120,13.6,1.8,0.0,0.0
flaxseed oil,120,13.6,1.2,0.0,0.0
tomatoseed oil,1927,218.0,42.9,0.0,0.0
wheat germ oil,120,13.6,2.6,0.0,0.0
sesame oil,40,4.5,0.6,0.0,0.0
corn granola oil,124,14.0,1.1,0.0,0.0
cocoa butter oil,120,13.6,8.1,0.0,0.0
olive oil,119,13.5,1.9,0.0,0.004
palm kernel oil,40,4.5,4.0,0.0,0.098
mustard oil,124,14.0,1.6,0.0,0.0
rice bran oil,120,13.6,2.7,0.0,0.0
vegetable macaroni dry,308,0.9,0.1,0.0,0.06
chow mein noodles,257,9.9,1.0,0.5,0.5
chinese noodles,456,0.094,0.088,0.0,0.088
vegetable macaroni cooked,172,0.1,0.037,1.5,0.015
corn pasta dry,375,2.2,0.3,0.0,0.027
egg noodles dry,146,1.7,0.4,0.7,0.095
whole wheat spaghetti dry,98,0.4,0.047,0.0,0.002
japanese soba noodles dry,95,0.2,0.084,0.0,0.2
rice noodles dry,103,0.2,0.053,0.0,0.006
spinach spaghetti dry,105,0.4,0.097,0.8,0.094
egg noodles cooked,110,1.7,0.3,0.3,0.027
japanese somen noodles cooked,231,0.3,0.006,0.0,0.3
whole wheat macaroni dry,365,1.5,0.3,0.0,0.028
pasta marinara and ground beef sauce,41,1.6,0.5,1.0,0.0
macaroni raw,390,1.6,0.3,2.8,0.097
spaghetti dry,105,0.4,0.045,0.8,0.09
fusilli cucina,100,0.4,0.1,0.041,0.0
japanese somen noodles dry,101,0.2,0.0,0.0,0.5
pasta cooked,301,2.4,0.3,0.0,0.073
macaroni cooked,221,1.3,0.2,0.8,0.071
spinach egg noodles dry,145,1.7,0.4,0.0,0.096
japanese soba noodles cooked,113,0.1,0.026,0.0,0.1
rice noodles cooked,190,0.4,0.072,0.052,0.075
whole wheat macaroni cooked,174,0.8,0.1,1.1,0.057
spaghetti cooked,363,2.1,0.4,1.3,0.089
whole wheat spaghetti cooked,174,0.8,0.1,1.1,0.091
waffle,218,10.6,2.1,0.0,0.4
baked taco shell,61,2.7,0.8,0.2,0.004
puff pastry,1367,94.3,13.5,1.8,0.6
blueberry muffin,214,9.2,1.6,17.9,0.2
bread crumbs,427,5.7,1.3,6.7,0.8
warm cinnamon roll mcdonalds,113,5.1,1.3,7.0,0.1
corn muffin,201,5.5,0.9,11.7,0.3
tortilla,467,1.9,0.6,5.4,0.9
croutons seasoned,186,7.3,2.1,1.8,0.4
buttermilk waffle,102,3.1,0.8,1.5,0.2
flour tortilla,146,3.7,0.6,1.3,0.4
glazed donut,55,3.0,1.2,3.0,0.082
corn tortilla,52,0.7,0.1,0.2,0.075
muffin,169,6.5,1.2,0.0,0.3
croutons,33,0.5,0.1,0.0,0.035
donut with jelly filling,289,15.9,4.1,17.9,0.4
sweet cinnamon rolls,309,13.6,2.6,26.3,0.3
oat bran muffin,46,1.3,0.2,1.4,0.067
french cruller donut,169,7.5,1.9,14.4,0.1
pancakes,86,3.7,0.8,0.0,0.2
chocolate donut,250,11.9,3.1,19.2,0.1
sweet cheese rolls,238,12.1,4.0,0.0,0.2
eclair,234,19.2,11.5,2.0,0.1
donut with cream filling,307,20.8,4.6,12.4,0.3
fruit toaster pastry,209,5.6,1.3,14.8,0.2
donut,192,10.3,2.7,0.0,0.2
pancakes whole wheat,92,2.9,0.8,0.0,0.3
keikitos,196,10.6,0.0,10.8,0.2
zwieback,30,0.7,0.2,0.9,0.05
chocolate coated donut,81,4.5,2.4,4.8,0.099
waffle toasted,103,3.2,0.5,1.7,0.2
cinnamon toaster pastry,206,7.1,1.8,0.0,0.2
wheat bran bread,89,1.2,0.3,3.5,0.2
white bread,77,1.0,0.2,1.6,0.1
oat bran bread,71,1.3,0.2,2.3,0.1
whole wheat bread natures own,50,1.0,11.0,0.0,0.0
high protein bread dr zaks,152,3.0,0.5,0.6,0.0
wheat bread,79,1.3,0.2,1.7,0.1
egg bread toasted,117,2.4,0.6,0.7,0.2
butter toastbrot ja,66,0.9,0.6,0.4,0.0
vienna bread toasted,93,0.6,0.1,1.0,0.2
vienna bread,92,0.6,0.2,0.8,0.2
protein bread,47,0.4,0.009,0.3,0.008
banana bread,186,6.0,1.3,0.0,0.2
rice bran bread,66,1.2,0.2,1.3,0.081
white fibre wonder bread,95,1.0,0.2,2.0,0.0
focaccia,142,4.5,0.5,1.0,0.3
oat bran bread toasted,70,1.3,0.2,2.3,0.1
rye bread,83,1.1,0.2,1.2,0.2
wheat germ bread,73,0.8,0.2,1.0,0.2
protein bread toasted,46,0.4,0.059,0.2,0.049
oatmeal bread,73,1.2,0.2,2.2,0.1
arepa,215,5.3,2.8,0.9,0.3
raisin bread toasted,86,1.4,0.3,1.8,0.1
cracked wheat bread,74,1.1,0.3,0.0,0.2
garlic bread,151,7.1,2.3,1.6,0.2
rye bread toasted,82,1.0,0.2,1.2,0.2
whole wheat bread,128,2.5,0.4,1.8,0.2
whole wheat bread toasted,128,2.5,0.4,1.8,0.2
pan dulce bread,231,7.3,1.4,7.9,0.1
rice bran bread toasted,66,1.3,0.2,1.3,0.026
pita bread whole wheat,74,0.7,0.1,0.2,0.1
wheat germ bread toasted,73,0.8,0.2,1.0,0.2
pumpernickel bread,65,0.8,0.1,0.1,0.2
frybread,502,18.6,7.0,3.1,0.5
white bread toasted,83,1.1,0.2,1.3,0.2
piki bread,109,2.0,0.2,0.4,0.028
wheat bread toasted,75,1.0,0.2,1.5,0.1
pita bread,165,0.7,0.091,0.8,0.3
potato bread,85,1.0,0.0,3.0,0.1
egg bread,115,2.4,0.6,0.7,0.2
oatmeal bread toasted,73,1.2,0.2,2.2,0.1
cheese bread,196,10.0,3.0,1.0,0.4
pumpernickel bread toasted,80,1.0,0.1,0.2,0.2
raisin bread,88,1.4,0.3,1.8,0.1
pumpernickel roll,77,0.8,0.1,0.1,0.1
cinnamon raisin bagel,71,0.4,0.054,1.6,0.047
english muffin,127,1.1,0.2,0.9,0.2
rye dinner roll,123,1.5,0.3,0.5,0.3
english muffin whole wheat,134,1.4,0.2,5.3,0.2
dinner roll whole wheat,74,1.3,0.2,2.4,0.1
dinner roll,76,1.8,0.4,0.5,0.1
hotdog roll,117,1.6,0.4,3.1,0.2
bagel,245,1.5,0.0,6.0,0.4
oat bran bagel,176,0.8,0.1,1.1,0.4
pain au chocolat de la boulangerie,235,12.0,27.6,0.0,0.0
egg bagel,72,0.5,0.1,0.0,0.1
english muffin toasted,140,1.1,0.3,1.8,0.2
english muffin whole wheat toasted,135,1.4,0.2,5.4,0.2
biscuit,357,16.5,4.4,2.2,0.6
french roll,105,1.6,0.4,0.1,0.2
oat bran dinner roll,78,1.5,0.2,2.2,0.1
pecan shortbread cookies,76,4.6,1.1,0.0,0.002
oatmeal cookies,113,4.5,1.1,6.2,0.1
chocolate wafers,485,15.9,4.7,33.2,0.8
vanilla wafers low fat,353,12.2,3.1,30.0,0.3
chocolate chip cookies mcdonalds,136,6.4,3.2,9.6,0.058
gingersnap cookies,29,0.7,0.2,1.4,0.012
biscotti abbracci mulino bianco,54,2.6,1.6,0.051,0.0
chocolate chip cookie,63,2.8,1.4,5.3,0.047
brownie,243,9.8,2.5,22.0,0.2
shortbread cookies,40,1.9,0.5,1.2,0.097
oatmeal cookies with raisins,65,2.4,0.5,0.0,0.022
peanut butter sandwich cookies,67,3.0,0.7,5.0,0.098
sugar cookies,72,3.2,0.8,5.7,0.007
chocolate covered graham crackers,68,3.2,1.8,5.8,0.067
raisin cookies,60,2.0,0.5,7.1,0.077
vanilla wafers,28,1.2,0.3,0.0,0.045
graham crackers,355,8.5,1.3,26.1,0.4
peanut butter cookies,95,4.8,0.9,0.0,0.1
vanilla sandwich cookie,72,3.0,0.4,5.9,0.044
sugar wafers with creme filling,51,2.3,1.2,4.3,0.06
cheese puffs,197,12.8,1.9,1.1,0.3
saltine crackers,13,0.3,0.097,0.063,0.067
trail mix,139,8.8,1.7,0.0,0.014
corn cones,144,7.6,6.4,0.0,0.3
chocolate pretzels,50,1.8,0.8,0.0,0.037
french toast sticks,73,3.8,0.9,2.1,0.001
crackers,82,4.2,0.9,1.3,0.1
sesame sticks,54,3.7,0.6,0.084,0.09
cheese crackers,34,1.6,0.4,0.3,0.065
oriental rice cracker mix,143,7.2,1.1,0.8,0.1
breadsticks,103,2.4,0.4,0.3,0.2
milk crackers,50,1.7,0.3,1.8,0.095
matzo crackers whole wheat,98,0.4,0.005,0.0,0.002
matzo crackers with egg,109,0.6,0.2,0.0,0.057
granola bites,23,0.9,0.5,1.5,0.067
crackers whole wheat,120,4.0,0.6,0.3,0.2
tropical trail mix,619,23.9,11.9,0.0,0.1
soft pretzels,389,3.6,0.8,0.3,0.9
corn tostada shell,58,2.9,0.9,0.0,0.084
matzo crackers,111,0.4,0.03,0.098,0.0
sesame crunch,9,0.6,0.096,0.6,0.027
trail mix with chocolate chips,707,46.6,8.9,0.0,0.2
cracker meal,440,2.0,0.3,0.4,0.078
puffed rice,153,0.2,0.037,0.0,0.053
filinchen gutena,19,0.2,0.056,0.028,0.0
melba toast crackers,117,1.0,0.1,0.3,0.2
matzo crackers with egg onion,109,1.1,0.3,0.0,0.052
cornnuts,126,4.4,0.7,0.2,0.2
bagel chips,789,26.5,12.0,10.5,0.4
pretzels,115,0.9,0.1,0.7,0.4
potato raw,164,0.2,0.028,1.7,0.072
gatto di patate home made,202,9.4,4.6,3.6,0.0
baked potato,161,0.2,0.074,2.0,0.097
potato sticks,188,12.4,3.2,0.006,0.2
potato cooked,52,0.006,0.003,0.5,0.035
vivaldi potatoes sainsburys,23,0.1,5.0,0.0,0.0
potato ham chowder soup,192,12.5,3.9,0.0,0.9
russet potato raw,292,0.3,0.06,2.3,0.068
russet potato baked,290,0.4,0.1,3.2,0.084
french fries,13,0.4,0.01,0.088,0.056
potato scalloped,216,9.0,5.5,0.0,0.8
cottage fries,11,0.4,0.084,0.019,0.058
mashed potatoes,215,6.8,1.4,1.2,0.7
mashed potato with milk and butter,237,8.9,5.5,3.0,0.7
red potato raw,149,0.3,0.074,2.7,0.02
potato pancake,59,3.2,0.5,0.4,0.2
potato puffs,243,11.0,2.3,0.3,0.6
red potato baked,74,0.1,0.008,1.2,0.037
potatoes canned,132,0.3,0.098,0.0,0.7
potato skin raw,22,0.099,0.093,0.0,0.053
shoestring french fries,4,0.1,0.059,0.062,0.055
hash brown potato,144,9.0,1.3,0.3,0.3
baked chips lays,130,2.0,26.0,0.0,0.0
corn chips,162,10.0,1.3,0.031,0.2
nacho cheese tortilla chips low fat,90,1.0,0.3,0.8,0.2
corn chips barbecue,1036,64.7,8.8,0.0,1.5
corn chips unsalted,490,29.4,3.8,1.2,0.024
potato chips fat free,860,1.4,0.3,8.4,1.5
sweet chilli kettle baked chips,99,2.2,0.3,0.4,0.0
taro chips,11,0.6,0.1,0.04,0.022
potato chips reduced fat,801,35.4,7.1,0.4,0.8
onion snacks,150,6.8,1.3,1.4,0.3
potato chips cheese,843,46.2,14.6,0.0,0.8
yuca cassava chips,9,0.4,0.1,0.006,0.041
tortilla chips low fat,117,1.6,0.2,0.2,0.1
ranch flavor tortilla chips,992,48.8,7.0,6.0,1.0
potato chips,161,10.4,3.3,0.007,0.021
tortilla chips,142,6.2,0.8,0.2,0.077
sweet potato chips,149,9.1,0.8,2.5,0.05
nacho cheese tortilla chips,156,8.2,1.2,0.8,0.2
vegetable chips,134,6.6,0.5,1.1,0.3
taco flavor tortilla chips,1090,54.9,10.5,0.0,1.8
potato chips barbecue,970,64.2,15.9,14.0,1.3
pita chips,137,4.6,0.4,1.4,0.3
potato chips sour cream and onion,1051,67.1,17.6,0.0,1.1
adobo fresco,780,60.2,8.4,5.8,49.4
chili pepper sauce red,3,0.089,0.073,0.4,0.003
creamy ranch sauce mcdonalds,132,14.7,2.2,1.0,0.2
catsup,19,0.066,0.026,3.7,0.2
chili pepper sauce green,3,0.032,0.048,0.4,0.03
red wine vinegar,3,0.0,0.0,0.0,0.092
fish sauce,6,0.013,0.08,0.7,1.4
coleslaw dressing reduced fat,56,3.4,0.5,6.6,0.3
sour dressing,21,2.0,1.6,0.6,0.094
guava sauce cooked,86,0.3,0.014,14.0,0.017
pizza sauce,136,2.9,1.2,9.5,0.9
sweetn sour sauce mcdonalds,48,0.3,0.075,10.0,0.2
nance syrup,4,0.002,0.0,0.6,0.035
french dressing reduced fat,37,2.2,0.2,4.6,0.072
peppercorn dressing,76,8.2,1.4,0.3,0.1
sorghum syrup,61,0.0,0.0,15.7,0.096
ranch dressing fat free,17,0.3,0.007,0.7,0.1
caesar dressing low calorie,17,0.7,0.1,2.4,0.2
sweet sour dressing,2,0.0,0.0,0.6,0.065
mayonnaise imitation fat free,13,0.4,0.005,1.6,0.1
sofrito,488,37.5,0.0,0.0,2.4
turkey gravy instant,27,1.0,0.3,0.5,0.3
teriyaki sauce,16,0.015,0.0,2.5,0.7
tomato sauce,59,0.7,0.1,8.7,0.083
barbecue sauce kraft,28,0.053,0.013,5.2,0.2
cranberry sauce sweetened,418,0.4,0.056,105.0,0.076
coleslaw dressing,62,5.3,0.8,3.2,0.1
onion gravy dry,77,0.7,0.4,0.0,1.0
corn syrup light,62,0.09,0.0,16.9,0.065
bacon tomato dressing,49,5.3,0.8,0.3,0.1
pancake syrup,53,0.075,0.025,8.4,0.064
balsamic vinegar,14,0.0,0.0,2.4,0.071
ranch dressing reduced fat,29,1.9,0.2,0.6,0.2
barbecue sauce mcdonalds,46,0.3,0.09,9.6,0.3
vinegar oil dressing,72,8.0,1.5,0.4,0.076
poppyseed dressing,66,5.5,1.0,3.9,0.1
honey mustard dressing,70,6.1,0.8,2.4,0.019
french dressing fat free,21,0.024,0.067,2.6,0.1
vinegar,3,0.0,0.0,0.063,0.024
spray dressing,13,0.9,0.1,1.1,0.012
honey mustard dressing fat free,25,0.2,0.031,2.7,0.2
mushroom gravy,119,6.4,1.0,0.0,1.4
white sauce,368,26.6,7.1,11.0,0.9
marinara pasta sauce,129,3.9,0.4,14.5,1.1
tomato sauce with mushrooms,86,0.3,0.027,14.1,1.1
pork gravy powder,25,0.6,0.3,1.7,0.4
beef gravy,123,5.5,2.7,0.5,1.5
green goddess dressing,64,6.5,0.9,1.0,0.1
salsa con queso,358,23.8,6.2,4.9,2.0
cocktail sauce,19,0.2,0.0,1.8,0.2
worcestershire sauce,13,0.0,0.0,1.7,0.2
barbecue sauce,29,0.1,0.009,5.7,0.2
tomato sauce with onions,103,0.5,0.007,0.0,1.3
brown gravy dry,22,0.6,0.2,0.0,0.3
blue cheese dressing light,14,0.4,0.1,0.6,0.2
spanish tomato sauce,81,0.7,0.007,0.0,1.2
oyster sauce,9,0.066,0.016,0.0,0.5
cheese sauce,30,2.2,1.2,0.033,0.002
hoisin sauce,35,0.5,0.036,4.4,0.3
pickle relish,20,0.061,0.093,4.4,0.1
tomato sauce with herbs cheese,144,4.7,1.5,0.0,1.3
french dressing,73,7.2,0.9,2.6,0.1
mayonnaise hellmanns,15,1.7,0.9,0.2,0.0
canadian maple syrup,76,0.0,0.0,17.0,0.086
maple syrup,52,0.047,0.036,13.6,0.059
barbecue sauce bulls eye,27,0.1,0.028,5.6,0.2
ranch dressing,65,6.7,1.0,0.7,0.1
tomato ketchup mp,15,0.0,4.0,0.0,0.0
mayonnaise light,36,3.3,0.5,0.5,0.1
mayonnaise dressing,103,11.7,1.6,0.093,0.081
malt syrup,67,0.0,0.0,15.0,0.05
gravy dry,86,2.0,0.7,0.0,1.4
cranberry orange relish,490,0.3,0.06,0.0,0.063
caesar dressing,80,8.5,1.3,0.4,0.2
italian dressing,35,3.1,0.4,1.6,0.1
brown gravy instant,25,0.8,0.4,0.6,0.3
roquefort cheese dressing,15,1.1,0.4,0.4,0.1
blue cheese dressing,71,7.7,1.2,0.5,0.2
duck sauce,80,0.063,0.033,9.9,0.1
au jus,38,0.5,0.2,0.0,1.1
corn syrup dark,57,0.0,0.0,15.5,0.047
buttermilk dressing light,30,1.9,0.2,0.6,0.2
cider vinegar,3,0.0,0.0,0.018,0.011
tartar sauce,32,2.5,0.5,0.6,0.1
pepper hot sauce,1,0.018,0.057,0.065,0.1
tomato chili sauce,6,0.095,0.076,0.6,0.083
turkey gravy dry,26,0.5,0.1,0.0,0.3
salsa sauce,5,0.039,0.07,0.7,0.1
steak sauce,16,0.004,0.0,1.7,0.3
molasses,58,0.068,0.052,14.9,0.007
italian dressing fat free,7,0.1,0.099,1.2,0.2
plum sauce,35,0.2,0.094,0.0,0.1
chow mein stir fry master foods,26,0.2,5.5,0.0,0.0
beef gravy instant,25,0.6,0.3,1.6,0.3
horseradish,2,0.085,0.007,0.4,0.039
grenadine,54,0.0,0.0,9.3,0.038
tabasco sauce,1,0.002,0.051,0.067,0.075
sweet sour sauce,26,0.084,0.0,3.3,0.024
salsa verde,6,0.1,0.0,0.5,0.034
miso,40,1.2,0.2,1.2,0.7
sprouted soybean cooked,76,4.2,0.6,0.4,0.2
soy flour roasted,375,18.6,2.7,6.5,0.083
soy flour low fat,330,7.8,1.1,9.3,0.085
green soybean cooked,127,5.8,0.7,0.0,0.2
azumaya tofu vitasoy,316,16.6,2.0,1.6,0.03
soy proteins isolate,96,1.0,0.1,0.0,0.3
tofu yogurt,246,4.7,0.7,3.2,0.03
bacon meatless,446,42.5,6.7,0.0,2.1
meatless chicken fried,304,16.6,1.5,0.0,0.5
soymilk,109,4.8,0.5,6.1,0.1
soy vermicelli,463,0.1,0.092,24.4,0.032
tofu fried,35,2.6,0.4,0.4,0.021
tempeh,320,17.9,3.7,0.0,0.068
koyadofu,81,5.2,0.7,0.0,0.081
meatless meatloaf,110,5.0,0.8,0.7,0.3
soya vanille joghurt alpro,21,0.6,0.1,0.09,0.0
soybean curd cheese,340,18.2,2.6,3.6,0.094
soy sauce,8,0.054,0.025,0.097,0.9
soybean dry roasted,419,20.1,2.9,0.0,0.077
soybean oil,120,13.6,2.1,0.0,0.0
meatless chicken,376,21.4,3.1,0.0,1.2
soybean cooked,296,15.4,2.2,5.2,0.075
soymilk nonfat,68,0.046,0.0,8.9,0.1
soy flour,23,1.1,0.2,0.4,0.023
soybean lecithin oil,104,13.6,2.0,0.0,0.0
tofu raw,188,11.9,1.7,0.0,0.06
soy chips,109,2.1,0.3,0.5,0.2
green soybean raw,376,17.4,2.0,0.0,0.017
soy proteins concentrate,93,0.1,0.04,0.0,0.3
soybean margarine,34,3.8,0.8,0.0,0.005
chocolate soymilk nonfat,107,0.046,0.0,8.9,0.1
okara,93,2.1,0.2,0.0,0.07
meatless meatballs,284,13.0,2.1,1.8,0.8
vanilla soymilk,131,4.3,0.5,9.7,0.1
soy meal raw,414,2.9,0.3,0.0,0.017
soymilk low fat,104,1.5,0.0,8.5,0.04
sprouted soybean raw,85,4.7,0.7,0.0,0.005
soybean raw,830,37.1,5.4,13.6,0.023
tempeh cooked,55,3.2,1.0,0.0,0.084
vanilla soymilk light,83,2.1,0.2,1.0,0.2
chocolate soymilk,153,3.7,0.6,19.1,0.1
soy oil,120,13.6,3.4,0.0,0.0
natto,169,8.8,1.3,3.9,0.026
chrysanthemum raw,12,0.3,0.0,0.0,0.012
gourd cooked,100,0.6,0.035,9.2,0.065
cauliflower raw,3,0.081,0.094,0.2,0.042
red cabbage raw,53,0.3,0.002,6.5,0.079
broccoli raab raw,9,0.2,0.047,0.2,0.04
napa cabbage cooked,13,0.2,0.0,0.0,0.012
kelp,2,0.067,0.037,0.069,0.019
shallots raw,18,0.061,0.041,2.0,0.044
bamboo shoots raw,49,0.5,0.1,5.4,0.067
jute cooked,32,0.2,0.004,0.9,0.043
red lettuce,4,0.08,0.036,0.1,0.057
broccoli cooked,98,1.1,0.2,3.9,0.1
romanesco raw,20,0.2,0.038,1.9,0.025
eggplant raw,115,0.8,0.2,16.2,0.028
leeks raw,54,0.3,0.049,3.5,0.003
lemongrass citronella,5,0.076,0.067,0.0,0.024
pumpkin cooked,49,0.2,0.019,5.1,0.006
celery cooked,7,0.098,0.064,0.9,0.093
serrano pepper,2,0.075,0.072,0.2,0.067
nopales raw,14,0.063,0.018,1.0,0.076
sweet potato leaves cooked,22,0.2,0.099,3.5,0.2
eggplant cooked,33,0.2,0.049,3.2,0.2
asparagus cooked,3,0.074,0.004,0.2,0.0
rutabaga cooked,72,0.4,0.007,9.5,0.049
parsnips raw,128,0.5,0.1,8.2,0.068
sour pickles,17,0.3,0.079,1.6,1.9
turnip greens cooked,29,0.3,0.091,0.8,0.4
jerusalem artichokes,110,0.047,0.0,14.4,0.011
collard raw,12,0.2,0.026,0.2,0.014
chrysanthemum cooked,20,0.036,0.0,2.0,0.042
oriental radish dried,314,0.8,0.3,43.3,0.3
tomatillos,42,1.3,0.2,5.2,0.019
taro shoots raw,9,0.069,0.016,0.0,0.056
acorn squash raw,172,0.4,0.091,0.0,0.017
leeks dried,10,0.026,0.08,0.0,0.077
cabbage raw,70,0.3,0.054,9.0,0.006
sweet red peppers cooked,19,0.1,0.012,3.2,0.2
sweet red peppers raw,46,0.4,0.088,6.3,0.092
cucumber peeled,16,0.2,0.1,1.8,0.098
purslane raw,9,0.2,0.0,0.0,0.066
peas onions cooked,81,0.4,0.055,6.8,0.5
tomato cooked,22,0.1,0.086,3.1,0.029
taro shoots cooked,20,0.1,0.068,0.0,0.3
scots kale raw,28,0.4,0.072,0.0,0.059
artichoke raw,60,0.2,0.056,1.3,0.1
navy bean sprouts raw,70,0.7,0.05,0.0,0.063
sweet pickles,146,0.7,0.1,29.2,0.7
oriental radish cooked,25,0.4,0.1,2.7,0.4
sweet potato leaves raw,15,0.2,0.088,0.0,0.073
irishmoss,2,0.049,0.06,0.098,0.084
drumstick leaves cooked,25,0.4,0.0,0.4,0.1
winter squash raw,39,0.2,0.019,2.6,0.027
pumpkin raw,30,0.1,0.065,3.2,0.062
chicory greens,7,0.096,0.078,0.2,0.017
spinach cooked,41,0.5,0.042,0.8,0.1
radish pickled,42,0.5,0.1,3.0,1.2
sweet onion,106,0.3,0.0,16.6,0.063
salsify cooked,92,0.2,0.0,3.9,0.028
radish seeds sprouted,16,1.0,0.3,0.0,0.067
turnips raw,51,0.2,0.074,7.0,0.1
burdock root raw,85,0.2,0.069,3.4,0.008
red cabbage cooked,49,0.2,0.058,5.6,0.047
jute raw,10,0.046,0.0,0.0,0.042
hot chile pepper dried,2,0.054,0.001,0.2,0.041
salsify raw,109,0.3,0.0,0.0,0.093
crookneck squash raw,24,0.3,0.1,4.5,0.047
indian squash cooked,38,0.4,0.0,4.7,0.0
poi,269,0.3,0.063,0.9,0.091
sesbania flower cooked,22,0.007,0.0,0.0,0.3
acorn squash cooked,115,0.3,0.023,0.0,0.5
cauliflower cooked,29,0.6,0.055,2.6,0.094
crookneck squash cooked,34,0.7,0.1,4.5,0.4
laver seaweed,1,0.012,0.066,0.071,0.075
mountain yam cooked,119,0.1,0.014,0.0,0.4
pumpkin flowers raw,5,0.084,0.049,0.0,0.066
mustard greens raw,15,0.2,0.072,0.7,0.004
arrowhead,12,0.084,0.0,0.0,0.082
japanese cabbage,45,0.2,0.092,2.0,0.4
mung bean sprouts cooked,24,0.1,0.05,3.5,0.3
scallop squash cooked,29,0.3,0.034,2.7,0.4
pumpkin leaves cooked,15,0.2,0.092,0.5,0.2
hungarian pepper,8,0.1,0.082,1.0,0.028
sweet potato baked,103,0.2,0.013,7.4,0.07
chinese cabbage pe tsai raw,12,0.2,0.033,1.1,0.049
taro raw,116,0.2,0.099,0.4,0.054
yam bean jicama,49,0.1,0.061,2.3,0.047
olives,10,0.9,0.2,0.0,0.001
mustard greens cooked,36,0.7,0.053,2.0,0.4
pumpkin flowers cooked,20,0.1,0.057,3.2,0.082
tree fern cooked,57,0.096,0.0,0.0,0.3
yellow corn raw,606,7.9,1.1,1.1,0.06
endive,9,0.1,0.022,0.1,0.08
wakame,36,0.5,0.1,0.5,0.7
tahitian taro raw,55,1.2,0.2,0.0,0.003
broccoli raw,31,0.3,0.053,1.5,0.049
sweet green peppers raw,30,0.3,0.053,3.6,0.023
chinese cabbage pak choi cooked,20,0.3,0.014,1.4,0.5
agar,1,0.058,0.087,0.005,0.049
watercress,4,0.006,0.071,0.099,0.038
beet greens cooked,39,0.3,0.025,0.9,0.3
winter squash cooked,76,0.7,0.1,6.8,0.068
new zealand spinach raw,8,0.1,0.077,0.2,0.017
okra,4,0.082,0.001,0.2,0.098
yautia tannier,132,0.5,0.1,0.0,0.031
mustard spinach cooked,29,0.4,0.0,0.0,0.5
rhubarb cooked,278,0.1,0.08,68.9,0.007
beets raw,58,0.2,0.028,9.2,0.1
drumstick pods raw,37,0.2,0.025,0.0,0.077
baby zucchini,2,0.089,0.02,0.0,0.041
onion raw,16,0.048,0.077,1.7,0.065
romanesco cooked,39,0.4,0.028,0.0,0.3
butternut squash raw,90,0.2,0.044,4.4,0.067
amaranth leaves,6,0.075,0.072,0.0,0.071
turnip greens raw,18,0.2,0.009,0.4,0.012
spaghetti squash raw,31,0.6,0.1,2.8,0.081
seaweed dry,52,0.3,0.006,0.0,0.9
yam cooked,158,0.2,0.061,0.7,0.017
corn dried,119,3.0,0.6,6.0,0.029
cucumber,23,0.2,0.068,2.5,0.061
arrowroot,78,0.2,0.094,0.0,0.052
cardoon raw,30,0.2,0.072,0.0,0.3
bamboo shoots cooked,14,0.3,0.007,0.0,0.04
summer squash raw,42,0.5,0.1,5.7,0.051
sweet potato raw,112,0.002,0.036,5.4,0.079
green tomato,42,0.4,0.024,7.3,0.055
beet greens raw,8,0.078,0.026,0.2,0.013
savoy cabbage cooked,41,0.2,0.076,0.0,0.05
witloof chicory,9,0.031,0.076,0.0,0.022
turnips cooked,34,0.1,0.082,4.7,0.017
dried tomatoes,5,0.053,0.032,0.8,0.069
radicchio,15,0.2,0.031,0.4,0.033
mixed vegetables cooked,118,0.3,0.0,5.7,0.089
yellow tomato,32,0.6,0.03,0.0,0.088
cardoon cooked,26,0.1,0.014,0.0,0.2
spinach raw,7,0.1,0.024,0.1,0.036
kale raw,7,0.3,0.057,0.2,0.045
drumstick pods cooked,42,0.2,0.0,0.0,0.3
kohlrabi raw,72,0.3,0.007,6.9,0.063
lentil sprouts,82,0.4,0.067,0.0,0.044
carrots raw,25,0.1,0.046,2.9,0.024
red chili peppers,18,0.2,0.088,2.4,0.03
fennel,73,0.5,0.0,0.0,0.1
sweet corn white,63,0.9,0.1,2.4,0.016
celeriac raw,66,0.5,0.1,2.5,0.2
hubbard squash raw,46,0.6,0.1,4.6,0.094
brussels sprouts cooked,8,0.1,0.099,0.4,0.051
carrots cooked,16,0.092,0.096,1.6,0.025
lambs quarters raw,0,0.067,0.0,0.0,0.033
lotus root cooked,6,0.056,0.029,0.0,0.0
split peas raw,672,2.3,0.3,15.8,0.075
scots kale cooked,36,0.5,0.014,0.0,0.4
corn cooked,99,1.5,0.2,4.7,0.039
radish raw,1,0.026,0.084,0.066,0.033
stinging nettles,37,0.007,0.0,0.2,0.09
baby carrots,5,0.053,0.015,0.7,0.097
sweet yellow peppers,50,0.4,0.012,0.0,0.017
taro leaves raw,12,0.2,0.013,0.8,0.083
corn raw,123,1.9,0.5,9.0,0.083
roselle,28,0.4,0.0,0.0,0.079
drumstick leaves raw,13,0.3,0.0,0.0,0.071
scallop squash raw,23,0.3,0.097,3.1,0.075
chicory roots,65,0.2,0.052,7.9,0.055
brussels sprouts raw,8,0.077,0.072,0.4,0.049
kale cooked,42,1.4,0.2,1.4,0.018
pupusas con frijoles,289,11.4,2.8,1.6,0.4
mustard cabbage,36,0.1,0.016,1.8,0.9
gourd raw,19,0.2,0.07,1.9,0.03
butternut squash cooked,80,0.2,0.013,3.9,0.002
burdock root cooked,146,0.2,0.0,5.9,0.4
cassava,330,0.6,0.2,3.5,0.099
peas carrots cooked,77,0.7,0.1,7.0,0.5
romaine lettuce,8,0.1,0.049,0.6,0.083
yam raw,177,0.3,0.067,0.8,0.017
chowchow pickles,296,2.2,0.4,58.5,1.3
prairie turnips raw,20,0.029,0.0,0.1,0.059
savoy cabbage raw,19,0.017,0.091,1.6,0.007
celery raw,6,0.045,0.005,0.5,0.019
celeriac cooked,42,0.3,0.0,0.0,0.084
mustard spinach raw,33,0.5,0.087,0.0,0.025
zucchini raw,44,0.8,0.2,6.5,0.023
okra cooked,35,0.3,0.032,3.8,0.4
white icicle radish,14,0.1,0.076,0.0,0.049
orange tomato,18,0.2,0.097,0.0,0.001
pumpkin leaves raw,7,0.2,0.053,0.0,0.057
spaghetti squash cooked,42,0.4,0.091,3.9,0.4
white corn cooked,100,1.5,0.2,8.0,0.082
artichoke cooked,64,0.4,0.059,1.2,0.087
avocado,432,39.6,5.7,1.8,0.045
string beans wellsley farms,8,0.0,0.0,0.3,0.0
lambs quarters cooked,58,1.3,0.085,1.1,0.5
peas cooked,134,0.4,0.065,9.5,0.074
beets cooked,22,0.085,0.026,4.0,0.035
shallots dried,3,0.013,0.063,0.3,0.059
green lettuce,23,0.2,0.027,1.2,0.05
kohlrabi cooked,48,0.2,0.041,4.6,0.035
kanpyo dried,139,0.3,0.041,0.0,0.056
prairie turnips boiled,18,0.086,0.0,0.7,0.012
broccoli raab cooked,21,0.4,0.086,0.5,0.077
summer squash cooked,49,1.0,0.2,6.4,0.036
taro cooked,187,0.1,0.012,0.6,0.055
spring onion scallions,6,0.077,0.029,0.5,0.048
hubbard squash cooked,57,0.7,0.1,5.6,0.5
jalapeno pepper,4,0.002,0.06,0.6,0.028
new zealand spinach cooked,22,0.3,0.027,0.5,0.6
sesbania flower raw,1,0.095,0.0,0.0,0.007
spirulina dried,20,0.5,0.2,0.2,0.031
chinese cabbage pe tsai cooked,17,0.2,0.011,0.0,0.3
zucchini cooked,27,0.6,0.1,3.1,0.077
green olives pickled,4,0.4,0.064,0.051,0.1
lotus root raw,85,0.1,0.057,0.0,0.06
grape leaves,13,0.3,0.085,0.9,0.005
dill pickled cucumber,17,0.2,0.08,1.9,1.3
skunk cabbage,11,0.1,0.0,0.0,0.016
banana pepper,9,0.1,0.018,0.6,0.039
oriental radish raw,61,0.3,0.1,8.5,0.014
purslane cooked,21,0.2,0.0,0.0,0.3
rhubarb raw,11,0.1,0.043,0.6,0.058
swamp cabbage,20,0.2,0.0,0.0,0.4
mung bean sprouts raw,6,0.044,0.036,0.8,0.08
onion cooked,7,0.034,0.095,0.7,0.04
swiss chard raw,7,0.042,0.065,0.4,0.089
peas raw,117,0.6,0.1,8.2,0.017
cabbage cooked,35,0.019,0.0,4.2,0.011
taro leaves cooked,35,0.6,0.1,0.0,0.3
leeks cooked,38,0.2,0.086,2.6,0.067
split peas cooked,227,0.8,0.1,5.7,0.5
sweet corn yellow,58,0.4,0.029,2.6,0.05
asparagus raw,2,0.037,0.012,0.2,0.047
collard cooked,63,1.4,0.049,0.0,0.013
swiss chard cooked,35,0.1,0.0,1.9,0.7
nopales cooked,22,0.003,0.064,1.7,0.087
tahitian taro cooked,60,0.9,0.2,0.0,0.4
chinese cabbage pak choi raw,9,0.1,0.013,0.8,0.087
green chili pepper,18,0.097,0.067,2.3,0.023
mountain yam raw,91,0.1,0.015,0.4,0.021
parsnips cooked,114,0.5,0.081,7.7,0.021
tomato stewed,97,3.3,0.6,0.0,0.6
sweet green peppers cooked,19,0.1,0.037,2.3,0.2
white corn raw,143,2.0,0.3,5.3,0.088
rutabaga raw,286,1.2,0.2,34.4,0.061
jalapeno peppers canned,37,1.3,0.1,2.9,2.3
pumpkin canned,83,0.7,0.4,8.1,0.6
peas onions canned,61,0.5,0.064,0.0,0.5
sweet mashed potato canned,258,0.5,0.1,13.9,0.2
hominy canned,119,1.5,0.2,3.0,0.6
tomato puree canned,95,0.5,0.098,12.1,0.002
dried tomatoes canned in oil,6,0.4,0.072,0.0,0.056
mixed vegetables canned,88,0.6,0.1,0.0,0.5
straw mushrooms canned,2,0.09,0.1,0.0,0.049
capers canned,2,0.089,0.021,0.011,0.2
red peppers canned,15,0.058,0.03,2.4,0.9
carrots canned,104,0.6,0.1,11.2,0.2
tomatoes in tomato juice canned,41,0.3,0.08,5.7,0.3
asparagus canned,62,0.7,0.2,4.1,0.1
sweet red peppers canned,25,0.4,0.013,0.0,1.9
onions canned,12,0.084,0.045,1.4,0.2
turnip greens canned,27,0.4,0.1,0.6,0.082
hearts of palm,9,0.2,0.056,0.0,0.1
spinach canned,44,0.9,0.1,0.0,0.7
sweet potato canned,568,1.3,0.3,98.3,0.3
corn canned,49,0.6,0.032,3.3,0.2
peas carrots canned,97,0.7,0.1,7.2,0.7
crookneck squash canned,27,0.1,0.088,2.5,0.006
tomatoes canned,77,0.7,0.062,10.6,0.3
pimento canned,44,0.6,0.004,5.2,0.006
sweet green peppers canned,25,0.4,0.037,0.0,1.9
peas canned,57,0.8,0.1,0.0,0.2
chili peppers canned,29,0.4,0.013,0.0,0.6
green peppers canned,15,0.074,0.096,2.3,0.9
grape leaves canned,20,0.6,0.065,0.0,0.8
sauerkraut canned,27,0.2,0.023,2.5,0.9
beets canned,69,0.2,0.017,13.2,0.02
stewed tomatoes canned,66,0.5,0.078,9.0,0.6
tomato paste canned,215,1.2,0.3,31.9,2.1
bacon ranch salad mcdonalds,389,20.1,5.2,4.9,0.9
caesar salad with grilled chicken mcdonalds,201,5.6,3.0,4.8,0.6
caesar salad mcdonalds,94,4.4,2.5,4.4,0.2
vegetable salad,22,0.054,0.053,0.0,0.025
vegetable salad with chicken,70,1.5,0.4,0.0,0.1
potato salad,358,20.5,3.6,0.0,1.3
taco salad taco bell,906,48.9,15.9,0.0,1.9
iceberg lettuce,8,0.045,0.089,1.1,0.022
cornsalad,12,0.2,0.0,0.0,0.067
potato salad with egg,393,23.5,3.6,12.4,0.8
side salad mcdonalds,17,0.2,0.014,1.9,0.037
caesar salad with crispy chicken mcdonalds,349,16.4,4.3,4.5,0.7
grape apple salad with walnuts,191,8.2,1.1,20.3,0.087
vegetable salad with cheese egg,68,3.9,2.0,0.0,0.044
celtuce,1,0.088,0.0,0.0,0.094
arugula,5,0.1,0.029,0.4,0.018
vegetable salad with shrimp,71,1.7,0.4,0.0,0.3
coleslaw,292,18.9,3.1,23.3,0.4
shiitake mushrooms cooked,10,0.007,0.061,0.7,0.048
shiitake mushrooms raw,6,0.039,0.0,0.5,0.096
crimini mushrooms,1,0.018,0.054,0.1,0.086
mushrooms raw,15,0.2,0.052,1.4,0.053
portabella mushrooms grilled,35,0.7,0.023,2.7,0.047
maitake mushrooms,0,0.017,0.011,0.043,0.059
shiitake mushrooms dried,11,0.061,0.014,0.046,0.086
chanterelle mushrooms,2,0.063,0.0,0.076,0.028
cloud ear fungus dried,80,0.2,0.0,0.0,0.036
mushrooms cooked,44,0.7,0.05,3.7,0.011
pepeao dried,72,0.1,0.0,0.0,0.072
truffles,61,4.1,2.2,4.6,0.034
jews ear,25,0.095,0.0,0.0,0.027
enoki mushrooms,1,0.099,0.027,0.034,0.084
morel mushrooms,4,0.07,0.056,0.096,0.08
portabella mushrooms raw,19,0.3,0.036,2.2,0.014
oyster mushroom,5,0.035,0.016,0.2,0.098
